[
  {
    "model": "admin.logentry",
    "pk": 1,
    "fields": {
      "action_time": "2023-03-28T20:31:38.724Z",
      "user": 1,
      "content_type": 7,
      "object_id": "1",
      "object_repr": "Бытовая техника",
      "action_flag": 1,
      "change_message": "[{\"added\": {}}]"
    }
  },
  {
    "model": "admin.logentry",
    "pk": 2,
    "fields": {
      "action_time": "2023-03-28T20:32:02.090Z",
      "user": 1,
      "content_type": 7,
      "object_id": "2",
      "object_repr": "Бытовая техника 2",
      "action_flag": 1,
      "change_message": "[{\"added\": {}}]"
    }
  },
  {
    "model": "admin.logentry",
    "pk": 3,
    "fields": {
      "action_time": "2023-03-28T20:33:45.831Z",
      "user": 1,
      "content_type": 7,
      "object_id": "3",
      "object_repr": "Бытовая техника 3",
      "action_flag": 1,
      "change_message": "[{\"added\": {}}]"
    }
  },
  {
    "model": "admin.logentry",
    "pk": 4,
    "fields": {
      "action_time": "2023-03-28T20:35:18.728Z",
      "user": 1,
      "content_type": 7,
      "object_id": "4",
      "object_repr": "Бытовая техника 4",
      "action_flag": 1,
      "change_message": "[{\"added\": {}}]"
    }
  },
  {
    "model": "admin.logentry",
    "pk": 5,
    "fields": {
      "action_time": "2023-03-28T20:35:53.027Z",
      "user": 1,
      "content_type": 7,
      "object_id": "5",
      "object_repr": "Бытовая техника 5",
      "action_flag": 1,
      "change_message": "[{\"added\": {}}]"
    }
  },
  {
    "model": "admin.logentry",
    "pk": 6,
    "fields": {
      "action_time": "2023-03-28T20:40:38.708Z",
      "user": 1,
      "content_type": 7,
      "object_id": "6",
      "object_repr": "Бытовая техника 6",
      "action_flag": 1,
      "change_message": "[{\"added\": {}}]"
    }
  },
  {
    "model": "admin.logentry",
    "pk": 7,
    "fields": {
      "action_time": "2023-03-28T20:42:14.909Z",
      "user": 1,
      "content_type": 7,
      "object_id": "2",
      "object_repr": "Бытовая техника 2",
      "action_flag": 3,
      "change_message": ""
    }
  },
  {
    "model": "admin.logentry",
    "pk": 8,
    "fields": {
      "action_time": "2023-03-28T20:42:14.930Z",
      "user": 1,
      "content_type": 7,
      "object_id": "6",
      "object_repr": "Бытовая техника 6",
      "action_flag": 3,
      "change_message": ""
    }
  },
  {
    "model": "admin.logentry",
    "pk": 9,
    "fields": {
      "action_time": "2023-03-28T20:42:36.335Z",
      "user": 1,
      "content_type": 7,
      "object_id": "1",
      "object_repr": "Бытовая техника",
      "action_flag": 3,
      "change_message": ""
    }
  },
  {
    "model": "admin.logentry",
    "pk": 10,
    "fields": {
      "action_time": "2023-03-28T20:42:36.369Z",
      "user": 1,
      "content_type": 7,
      "object_id": "3",
      "object_repr": "Бытовая техника 3",
      "action_flag": 3,
      "change_message": ""
    }
  },
  {
    "model": "admin.logentry",
    "pk": 11,
    "fields": {
      "action_time": "2023-03-28T20:43:23.867Z",
      "user": 1,
      "content_type": 7,
      "object_id": "4",
      "object_repr": "Бытовая техника 4",
      "action_flag": 3,
      "change_message": ""
    }
  },
  {
    "model": "admin.logentry",
    "pk": 12,
    "fields": {
      "action_time": "2023-03-28T20:43:23.899Z",
      "user": 1,
      "content_type": 7,
      "object_id": "5",
      "object_repr": "Бытовая техника 5",
      "action_flag": 3,
      "change_message": ""
    }
  },
  {
    "model": "admin.logentry",
    "pk": 13,
    "fields": {
      "action_time": "2023-03-28T20:43:46.769Z",
      "user": 1,
      "content_type": 7,
      "object_id": "7",
      "object_repr": "Бытовая техника",
      "action_flag": 1,
      "change_message": "[{\"added\": {}}]"
    }
  },
  {
    "model": "admin.logentry",
    "pk": 14,
    "fields": {
      "action_time": "2023-03-28T20:44:58.248Z",
      "user": 1,
      "content_type": 7,
      "object_id": "8",
      "object_repr": "Электроника",
      "action_flag": 1,
      "change_message": "[{\"added\": {}}]"
    }
  },
  {
    "model": "admin.logentry",
    "pk": 15,
    "fields": {
      "action_time": "2023-03-28T20:45:15.550Z",
      "user": 1,
      "content_type": 7,
      "object_id": "9",
      "object_repr": "Смартфоны",
      "action_flag": 1,
      "change_message": "[{\"added\": {}}]"
    }
  },
  {
    "model": "admin.logentry",
    "pk": 16,
    "fields": {
      "action_time": "2023-03-30T19:36:01.485Z",
      "user": 1,
      "content_type": 7,
      "object_id": "10",
      "object_repr": "Одежда",
      "action_flag": 1,
      "change_message": "[{\"added\": {}}]"
    }
  },
  {
    "model": "admin.logentry",
    "pk": 17,
    "fields": {
      "action_time": "2023-03-30T19:52:36.433Z",
      "user": 1,
      "content_type": 7,
      "object_id": "10",
      "object_repr": "Одежда",
      "action_flag": 3,
      "change_message": ""
    }
  },
  {
    "model": "admin.logentry",
    "pk": 18,
    "fields": {
      "action_time": "2023-04-01T17:16:11.505Z",
      "user": 1,
      "content_type": 7,
      "object_id": "11",
      "object_repr": "Бытовая техника",
      "action_flag": 1,
      "change_message": "[{\"added\": {}}]"
    }
  },
  {
    "model": "admin.logentry",
    "pk": 19,
    "fields": {
      "action_time": "2023-04-01T17:25:50.286Z",
      "user": 1,
      "content_type": 7,
      "object_id": "11",
      "object_repr": "Бытовая техника",
      "action_flag": 3,
      "change_message": ""
    }
  },
  {
    "model": "admin.logentry",
    "pk": 20,
    "fields": {
      "action_time": "2023-04-01T18:21:55.468Z",
      "user": 1,
      "content_type": 7,
      "object_id": "12",
      "object_repr": "Телевизоры",
      "action_flag": 1,
      "change_message": "[{\"added\": {}}]"
    }
  },
  {
    "model": "admin.logentry",
    "pk": 21,
    "fields": {
      "action_time": "2023-04-01T19:13:14.208Z",
      "user": 1,
      "content_type": 7,
      "object_id": "12",
      "object_repr": "Телевизоры",
      "action_flag": 3,
      "change_message": ""
    }
  },
  {
    "model": "admin.logentry",
    "pk": 22,
    "fields": {
      "action_time": "2023-04-01T19:13:25.489Z",
      "user": 1,
      "content_type": 7,
      "object_id": "13",
      "object_repr": "Телевизоры",
      "action_flag": 1,
      "change_message": "[{\"added\": {}}]"
    }
  },
  {
    "model": "admin.logentry",
    "pk": 23,
    "fields": {
      "action_time": "2023-04-01T19:13:36.938Z",
      "user": 1,
      "content_type": 7,
      "object_id": "13",
      "object_repr": "Телевизоры",
      "action_flag": 3,
      "change_message": ""
    }
  },
  {
    "model": "admin.logentry",
    "pk": 24,
    "fields": {
      "action_time": "2023-04-01T19:13:48.605Z",
      "user": 1,
      "content_type": 7,
      "object_id": "14",
      "object_repr": "Холодильники",
      "action_flag": 1,
      "change_message": "[{\"added\": {}}]"
    }
  },
  {
    "model": "admin.logentry",
    "pk": 25,
    "fields": {
      "action_time": "2023-04-01T19:14:16.023Z",
      "user": 1,
      "content_type": 7,
      "object_id": "15",
      "object_repr": "Микроволновки",
      "action_flag": 1,
      "change_message": "[{\"added\": {}}]"
    }
  },
  {
    "model": "admin.logentry",
    "pk": 26,
    "fields": {
      "action_time": "2023-04-01T19:15:02.162Z",
      "user": 1,
      "content_type": 7,
      "object_id": "15",
      "object_repr": "Микроволновки",
      "action_flag": 2,
      "change_message": "[{\"changed\": {\"fields\": [\"URL\"]}}]"
    }
  },
  {
    "model": "admin.logentry",
    "pk": 27,
    "fields": {
      "action_time": "2023-04-01T19:15:31.304Z",
      "user": 1,
      "content_type": 7,
      "object_id": "15",
      "object_repr": "Микроволновки",
      "action_flag": 3,
      "change_message": ""
    }
  },
  {
    "model": "admin.logentry",
    "pk": 28,
    "fields": {
      "action_time": "2023-04-01T19:15:31.331Z",
      "user": 1,
      "content_type": 7,
      "object_id": "14",
      "object_repr": "Холодильники",
      "action_flag": 3,
      "change_message": ""
    }
  },
  {
    "model": "admin.logentry",
    "pk": 29,
    "fields": {
      "action_time": "2023-04-01T19:45:22.968Z",
      "user": 1,
      "content_type": 7,
      "object_id": "16",
      "object_repr": "Печи",
      "action_flag": 1,
      "change_message": "[{\"added\": {}}]"
    }
  },
  {
    "model": "admin.logentry",
    "pk": 30,
    "fields": {
      "action_time": "2023-04-01T19:45:28.455Z",
      "user": 1,
      "content_type": 7,
      "object_id": "16",
      "object_repr": "Печи",
      "action_flag": 3,
      "change_message": ""
    }
  },
  {
    "model": "admin.logentry",
    "pk": 31,
    "fields": {
      "action_time": "2023-04-01T19:45:42.632Z",
      "user": 1,
      "content_type": 7,
      "object_id": "17",
      "object_repr": "Столы",
      "action_flag": 1,
      "change_message": "[{\"added\": {}}]"
    }
  },
  {
    "model": "admin.logentry",
    "pk": 32,
    "fields": {
      "action_time": "2023-04-01T19:47:07.370Z",
      "user": 1,
      "content_type": 7,
      "object_id": "18",
      "object_repr": "Микроволновки",
      "action_flag": 1,
      "change_message": "[{\"added\": {}}]"
    }
  },
  {
    "model": "admin.logentry",
    "pk": 33,
    "fields": {
      "action_time": "2023-04-01T19:47:16.445Z",
      "user": 1,
      "content_type": 7,
      "object_id": "18",
      "object_repr": "Микроволновки",
      "action_flag": 3,
      "change_message": ""
    }
  },
  {
    "model": "admin.logentry",
    "pk": 34,
    "fields": {
      "action_time": "2023-04-01T19:47:16.459Z",
      "user": 1,
      "content_type": 7,
      "object_id": "17",
      "object_repr": "Столы",
      "action_flag": 3,
      "change_message": ""
    }
  },
  {
    "model": "admin.logentry",
    "pk": 35,
    "fields": {
      "action_time": "2023-04-01T19:50:46.764Z",
      "user": 1,
      "content_type": 7,
      "object_id": "19",
      "object_repr": "Телевизоры",
      "action_flag": 1,
      "change_message": "[{\"added\": {}}]"
    }
  },
  {
    "model": "admin.logentry",
    "pk": 36,
    "fields": {
      "action_time": "2023-04-01T19:51:04.392Z",
      "user": 1,
      "content_type": 7,
      "object_id": "20",
      "object_repr": "Холодильники",
      "action_flag": 1,
      "change_message": "[{\"added\": {}}]"
    }
  },
  {
    "model": "admin.logentry",
    "pk": 37,
    "fields": {
      "action_time": "2023-04-02T08:03:04.455Z",
      "user": 1,
      "content_type": 7,
      "object_id": "21",
      "object_repr": "Микроволновки",
      "action_flag": 1,
      "change_message": "[{\"added\": {}}]"
    }
  },
  {
    "model": "admin.logentry",
    "pk": 38,
    "fields": {
      "action_time": "2023-04-02T08:03:15.380Z",
      "user": 1,
      "content_type": 7,
      "object_id": "22",
      "object_repr": "Аудио",
      "action_flag": 1,
      "change_message": "[{\"added\": {}}]"
    }
  },
  {
    "model": "admin.logentry",
    "pk": 39,
    "fields": {
      "action_time": "2023-04-02T08:03:22.283Z",
      "user": 1,
      "content_type": 7,
      "object_id": "23",
      "object_repr": "Одежда",
      "action_flag": 1,
      "change_message": "[{\"added\": {}}]"
    }
  },
  {
    "model": "admin.logentry",
    "pk": 40,
    "fields": {
      "action_time": "2023-04-02T08:03:30.019Z",
      "user": 1,
      "content_type": 7,
      "object_id": "24",
      "object_repr": "Книги",
      "action_flag": 1,
      "change_message": "[{\"added\": {}}]"
    }
  },
  {
    "model": "admin.logentry",
    "pk": 41,
    "fields": {
      "action_time": "2023-04-02T08:03:33.788Z",
      "user": 1,
      "content_type": 7,
      "object_id": "25",
      "object_repr": "Мебель",
      "action_flag": 1,
      "change_message": "[{\"added\": {}}]"
    }
  },
  {
    "model": "admin.logentry",
    "pk": 42,
    "fields": {
      "action_time": "2023-04-02T08:03:38.510Z",
      "user": 1,
      "content_type": 7,
      "object_id": "26",
      "object_repr": "Продукты питания",
      "action_flag": 1,
      "change_message": "[{\"added\": {}}]"
    }
  },
  {
    "model": "admin.logentry",
    "pk": 43,
    "fields": {
      "action_time": "2023-04-02T08:03:44.734Z",
      "user": 1,
      "content_type": 7,
      "object_id": "27",
      "object_repr": "Дом и сад",
      "action_flag": 1,
      "change_message": "[{\"added\": {}}]"
    }
  },
  {
    "model": "admin.logentry",
    "pk": 44,
    "fields": {
      "action_time": "2023-04-02T08:03:50.756Z",
      "user": 1,
      "content_type": 7,
      "object_id": "28",
      "object_repr": "Освещение",
      "action_flag": 1,
      "change_message": "[{\"added\": {}}]"
    }
  },
  {
    "model": "admin.logentry",
    "pk": 45,
    "fields": {
      "action_time": "2023-04-02T08:03:56.130Z",
      "user": 1,
      "content_type": 7,
      "object_id": "29",
      "object_repr": "Посуда",
      "action_flag": 1,
      "change_message": "[{\"added\": {}}]"
    }
  },
  {
    "model": "admin.logentry",
    "pk": 46,
    "fields": {
      "action_time": "2023-04-02T08:04:02.095Z",
      "user": 1,
      "content_type": 7,
      "object_id": "30",
      "object_repr": "Красота и здоровье",
      "action_flag": 1,
      "change_message": "[{\"added\": {}}]"
    }
  },
  {
    "model": "admin.logentry",
    "pk": 47,
    "fields": {
      "action_time": "2023-04-02T08:06:20.542Z",
      "user": 1,
      "content_type": 7,
      "object_id": "31",
      "object_repr": "Новая",
      "action_flag": 1,
      "change_message": "[{\"added\": {}}]"
    }
  },
  {
    "model": "admin.logentry",
    "pk": 48,
    "fields": {
      "action_time": "2023-04-02T08:06:37.515Z",
      "user": 1,
      "content_type": 7,
      "object_id": "31",
      "object_repr": "Новая",
      "action_flag": 3,
      "change_message": ""
    }
  },
  {
    "model": "admin.logentry",
    "pk": 49,
    "fields": {
      "action_time": "2023-04-02T08:18:34.327Z",
      "user": 1,
      "content_type": 7,
      "object_id": "32",
      "object_repr": "Комиксы",
      "action_flag": 1,
      "change_message": "[{\"added\": {}}]"
    }
  },
  {
    "model": "admin.logentry",
    "pk": 50,
    "fields": {
      "action_time": "2023-04-02T08:19:18.197Z",
      "user": 1,
      "content_type": 7,
      "object_id": "32",
      "object_repr": "Комиксы",
      "action_flag": 3,
      "change_message": ""
    }
  },
  {
    "model": "admin.logentry",
    "pk": 51,
    "fields": {
      "action_time": "2023-04-02T08:19:29.396Z",
      "user": 1,
      "content_type": 7,
      "object_id": "33",
      "object_repr": "Комиксы",
      "action_flag": 1,
      "change_message": "[{\"added\": {}}]"
    }
  },
  {
    "model": "admin.logentry",
    "pk": 52,
    "fields": {
      "action_time": "2023-04-02T08:21:12.605Z",
      "user": 1,
      "content_type": 7,
      "object_id": "33",
      "object_repr": "Комиксы",
      "action_flag": 3,
      "change_message": ""
    }
  },
  {
    "model": "admin.logentry",
    "pk": 53,
    "fields": {
      "action_time": "2023-04-02T08:23:42.506Z",
      "user": 1,
      "content_type": 7,
      "object_id": "34",
      "object_repr": "Тумбы",
      "action_flag": 1,
      "change_message": "[{\"added\": {}}]"
    }
  },
  {
    "model": "admin.logentry",
    "pk": 54,
    "fields": {
      "action_time": "2023-04-02T08:24:06.012Z",
      "user": 1,
      "content_type": 7,
      "object_id": "34",
      "object_repr": "Тумбы",
      "action_flag": 3,
      "change_message": ""
    }
  },
  {
    "model": "admin.logentry",
    "pk": 55,
    "fields": {
      "action_time": "2023-04-09T17:34:05.209Z",
      "user": 1,
      "content_type": 11,
      "object_id": "1",
      "object_repr": "Конфигурация сайта",
      "action_flag": 2,
      "change_message": "[{\"changed\": {\"fields\": [\"\\u041d\\u0430\\u0437\\u0432\\u0430\\u043d\\u0438\\u0435\", \"\\u041e\\u043f\\u0438\\u0441\\u0430\\u043d\\u0438\\u0435\", \"URL\", \"\\u041b\\u043e\\u0433\\u043e\\u0442\\u0438\\u043f \\u0432 \\u0448\\u0430\\u043f\\u043a\\u0435\", \"\\u041b\\u043e\\u0433\\u043e\\u0442\\u0438\\u043f \\u0432 \\u0444\\u0443\\u0442\\u0435\\u0440\\u0435\", \"\\u0418\\u0437\\u0431\\u0440\\u0430\\u043d\\u043d\\u044b\\u0435 \\u0442\\u043e\\u0432\\u0430\\u0440\\u044b\"]}}]"
    }
  },
  {
    "model": "admin.logentry",
    "pk": 56,
    "fields": {
      "action_time": "2023-04-09T17:50:19.811Z",
      "user": 1,
      "content_type": 11,
      "object_id": "1",
      "object_repr": "Конфигурация сайта",
      "action_flag": 2,
      "change_message": "[{\"changed\": {\"fields\": [\"\\u041d\\u0430\\u0437\\u0432\\u0430\\u043d\\u0438\\u0435\"]}}]"
    }
  },
  {
    "model": "admin.logentry",
    "pk": 57,
    "fields": {
      "action_time": "2023-04-10T19:26:31.636Z",
      "user": 1,
      "content_type": 11,
      "object_id": "1",
      "object_repr": "Конфигурация сайта",
      "action_flag": 2,
      "change_message": "[{\"changed\": {\"fields\": [\"URL\"]}}]"
    }
  },
  {
    "model": "admin.logentry",
    "pk": 58,
    "fields": {
      "action_time": "2023-04-10T19:26:44.334Z",
      "user": 1,
      "content_type": 11,
      "object_id": "1",
      "object_repr": "Конфигурация сайта",
      "action_flag": 2,
      "change_message": "[]"
    }
  },
  {
    "model": "admin.logentry",
    "pk": 59,
    "fields": {
      "action_time": "2023-04-10T19:41:52.910Z",
      "user": 1,
      "content_type": 11,
      "object_id": "1",
      "object_repr": "Конфигурация сайта",
      "action_flag": 2,
      "change_message": "[]"
    }
  },
  {
    "model": "admin.logentry",
    "pk": 60,
    "fields": {
      "action_time": "2023-04-10T19:43:32.203Z",
      "user": 1,
      "content_type": 11,
      "object_id": "1",
      "object_repr": "Конфигурация сайта",
      "action_flag": 2,
      "change_message": "[{\"changed\": {\"fields\": [\"\\u0420\\u0435\\u0436\\u0438\\u043c \\u043e\\u0431\\u0441\\u043b\\u0443\\u0436\\u0438\\u0432\\u0430\\u043d\\u0438\\u044f\"]}}]"
    }
  },
  {
    "model": "admin.logentry",
    "pk": 61,
    "fields": {
      "action_time": "2023-04-10T19:45:00.239Z",
      "user": 1,
      "content_type": 11,
      "object_id": "1",
      "object_repr": "Конфигурация сайта",
      "action_flag": 2,
      "change_message": "[{\"changed\": {\"fields\": [\"\\u0420\\u0435\\u0436\\u0438\\u043c \\u043e\\u0431\\u0441\\u043b\\u0443\\u0436\\u0438\\u0432\\u0430\\u043d\\u0438\\u044f\"]}}]"
    }
  },
  {
    "model": "admin.logentry",
    "pk": 62,
    "fields": {
      "action_time": "2023-04-10T19:46:28.598Z",
      "user": 1,
      "content_type": 11,
      "object_id": "1",
      "object_repr": "Конфигурация сайта",
      "action_flag": 2,
      "change_message": "[{\"changed\": {\"fields\": [\"URL\"]}}]"
    }
  },
  {
    "model": "admin.logentry",
    "pk": 63,
    "fields": {
      "action_time": "2023-04-10T19:47:41.662Z",
      "user": 1,
      "content_type": 11,
      "object_id": "1",
      "object_repr": "Конфигурация сайта",
      "action_flag": 2,
      "change_message": "[{\"changed\": {\"fields\": [\"\\u0420\\u0435\\u0436\\u0438\\u043c \\u043e\\u0431\\u0441\\u043b\\u0443\\u0436\\u0438\\u0432\\u0430\\u043d\\u0438\\u044f\"]}}]"
    }
  },
  {
    "model": "admin.logentry",
    "pk": 64,
    "fields": {
      "action_time": "2023-04-10T19:48:00.744Z",
      "user": 1,
      "content_type": 11,
      "object_id": "1",
      "object_repr": "Конфигурация сайта",
      "action_flag": 2,
      "change_message": "[{\"changed\": {\"fields\": [\"\\u0420\\u0435\\u0436\\u0438\\u043c \\u043e\\u0431\\u0441\\u043b\\u0443\\u0436\\u0438\\u0432\\u0430\\u043d\\u0438\\u044f\"]}}]"
    }
  },
  {
    "model": "admin.logentry",
    "pk": 65,
    "fields": {
      "action_time": "2023-04-10T19:48:43.305Z",
      "user": 1,
      "content_type": 11,
      "object_id": "1",
      "object_repr": "Конфигурация сайта",
      "action_flag": 2,
      "change_message": "[{\"changed\": {\"fields\": [\"\\u0420\\u0435\\u0436\\u0438\\u043c \\u043e\\u0431\\u0441\\u043b\\u0443\\u0436\\u0438\\u0432\\u0430\\u043d\\u0438\\u044f\"]}}]"
    }
  },
  {
    "model": "admin.logentry",
    "pk": 66,
    "fields": {
      "action_time": "2023-04-10T19:50:06.429Z",
      "user": 1,
      "content_type": 11,
      "object_id": "1",
      "object_repr": "Конфигурация сайта",
      "action_flag": 2,
      "change_message": "[]"
    }
  },
  {
    "model": "admin.logentry",
    "pk": 67,
    "fields": {
      "action_time": "2023-04-10T19:52:06.339Z",
      "user": 1,
      "content_type": 11,
      "object_id": "1",
      "object_repr": "Конфигурация сайта",
      "action_flag": 2,
      "change_message": "[]"
    }
  },
  {
    "model": "admin.logentry",
    "pk": 68,
    "fields": {
      "action_time": "2023-04-10T19:52:10.909Z",
      "user": 1,
      "content_type": 11,
      "object_id": "1",
      "object_repr": "Конфигурация сайта",
      "action_flag": 2,
      "change_message": "[{\"changed\": {\"fields\": [\"\\u0420\\u0435\\u0436\\u0438\\u043c \\u043e\\u0431\\u0441\\u043b\\u0443\\u0436\\u0438\\u0432\\u0430\\u043d\\u0438\\u044f\"]}}]"
    }
  },
  {
    "model": "admin.logentry",
    "pk": 69,
    "fields": {
      "action_time": "2023-04-10T20:02:42.454Z",
      "user": 1,
      "content_type": 11,
      "object_id": "1",
      "object_repr": "Конфигурация сайта",
      "action_flag": 2,
      "change_message": "[]"
    }
  },
  {
    "model": "admin.logentry",
    "pk": 70,
    "fields": {
      "action_time": "2023-04-14T19:13:37.899Z",
      "user": 1,
      "content_type": 14,
      "object_id": "1",
      "object_repr": "ProductTags object (1)",
      "action_flag": 1,
      "change_message": "[{\"added\": {}}]"
    }
  },
  {
    "model": "admin.logentry",
    "pk": 71,
    "fields": {
      "action_time": "2023-04-14T19:42:32.659Z",
      "user": 1,
      "content_type": 13,
      "object_id": "1",
      "object_repr": "Беспроводные накладные наушники Sony Wh1000xm4b.e Black",
      "action_flag": 1,
      "change_message": "[{\"added\": {}}, {\"added\": {\"name\": \"\\u0418\\u0437\\u043e\\u0431\\u0440\\u0430\\u0436\\u0435\\u043d\\u0438\\u0435 \\u0442\\u043e\\u0432\\u0430\\u0440\\u0430\", \"object\": \"Sony Wh1000xm4b.e Black\"}}]"
    }
  },
  {
    "model": "admin.logentry",
    "pk": 72,
    "fields": {
      "action_time": "2023-04-14T19:54:19.325Z",
      "user": 1,
      "content_type": 13,
      "object_id": "2",
      "object_repr": "dsvsdv",
      "action_flag": 1,
      "change_message": "[{\"added\": {}}, {\"added\": {\"name\": \"\\u0418\\u0437\\u043e\\u0431\\u0440\\u0430\\u0436\\u0435\\u043d\\u0438\\u0435 \\u0442\\u043e\\u0432\\u0430\\u0440\\u0430\", \"object\": \"scscsc\"}}]"
    }
  },
  {
    "model": "admin.logentry",
    "pk": 73,
    "fields": {
      "action_time": "2023-04-14T19:57:17.830Z",
      "user": 1,
      "content_type": 13,
      "object_id": "3",
      "object_repr": "dfrbdrb",
      "action_flag": 1,
      "change_message": "[{\"added\": {}}, {\"added\": {\"name\": \"\\u0418\\u0437\\u043e\\u0431\\u0440\\u0430\\u0436\\u0435\\u043d\\u0438\\u0435 \\u0442\\u043e\\u0432\\u0430\\u0440\\u0430\", \"object\": \"3333\"}}]"
    }
  },
  {
    "model": "admin.logentry",
    "pk": 74,
    "fields": {
      "action_time": "2023-04-14T20:06:06.411Z",
      "user": 1,
      "content_type": 13,
      "object_id": "4",
      "object_repr": "t6jtjt6j",
      "action_flag": 1,
      "change_message": "[{\"added\": {}}, {\"added\": {\"name\": \"\\u0418\\u0437\\u043e\\u0431\\u0440\\u0430\\u0436\\u0435\\u043d\\u0438\\u0435 \\u0442\\u043e\\u0432\\u0430\\u0440\\u0430\", \"object\": \"3333\"}}]"
    }
  },
  {
    "model": "admin.logentry",
    "pk": 75,
    "fields": {
      "action_time": "2023-04-14T20:07:42.956Z",
      "user": 1,
      "content_type": 13,
      "object_id": "5",
      "object_repr": "45yt4y",
      "action_flag": 1,
      "change_message": "[{\"added\": {}}, {\"added\": {\"name\": \"\\u0418\\u0437\\u043e\\u0431\\u0440\\u0430\\u0436\\u0435\\u043d\\u0438\\u0435 \\u0442\\u043e\\u0432\\u0430\\u0440\\u0430\", \"object\": \"4444\"}}]"
    }
  },
  {
    "model": "admin.logentry",
    "pk": 76,
    "fields": {
      "action_time": "2023-04-14T20:08:27.280Z",
      "user": 1,
      "content_type": 13,
      "object_id": "5",
      "object_repr": "45yt4y",
      "action_flag": 3,
      "change_message": ""
    }
  },
  {
    "model": "admin.logentry",
    "pk": 77,
    "fields": {
      "action_time": "2023-04-14T20:08:27.285Z",
      "user": 1,
      "content_type": 13,
      "object_id": "4",
      "object_repr": "t6jtjt6j",
      "action_flag": 3,
      "change_message": ""
    }
  },
  {
    "model": "admin.logentry",
    "pk": 78,
    "fields": {
      "action_time": "2023-04-14T20:08:27.289Z",
      "user": 1,
      "content_type": 13,
      "object_id": "3",
      "object_repr": "dfrbdrb",
      "action_flag": 3,
      "change_message": ""
    }
  },
  {
    "model": "admin.logentry",
    "pk": 79,
    "fields": {
      "action_time": "2023-04-14T20:08:27.297Z",
      "user": 1,
      "content_type": 13,
      "object_id": "2",
      "object_repr": "dsvsdv",
      "action_flag": 3,
      "change_message": ""
    }
  },
  {
    "model": "admin.logentry",
    "pk": 80,
    "fields": {
      "action_time": "2023-04-14T20:08:33.499Z",
      "user": 1,
      "content_type": 13,
      "object_id": "1",
      "object_repr": "Беспроводные накладные наушники Sony Wh1000xm4b.e Black",
      "action_flag": 2,
      "change_message": "[]"
    }
  },
  {
    "model": "admin.logentry",
    "pk": 81,
    "fields": {
      "action_time": "2023-04-18T17:59:13.326Z",
      "user": 1,
      "content_type": 14,
      "object_id": "2",
      "object_repr": "Яндекс",
      "action_flag": 1,
      "change_message": "[{\"added\": {}}]"
    }
  },
  {
    "model": "admin.logentry",
    "pk": 82,
    "fields": {
      "action_time": "2023-04-18T18:00:40.655Z",
      "user": 1,
      "content_type": 13,
      "object_id": "6",
      "object_repr": "Умная колонка Яндекс Станция Мини с часами с Алисой, черный оникс, 10Вт",
      "action_flag": 1,
      "change_message": "[{\"added\": {}}, {\"added\": {\"name\": \"\\u0418\\u0437\\u043e\\u0431\\u0440\\u0430\\u0436\\u0435\\u043d\\u0438\\u0435 \\u0442\\u043e\\u0432\\u0430\\u0440\\u0430\", \"object\": \"\\u042f\\u043d\\u0434\\u0435\\u043a\\u0441 \\u041a\\u043e\\u043b\\u043e\\u043d\\u043a\\u0430\"}}]"
    }
  },
  {
    "model": "admin.logentry",
    "pk": 83,
    "fields": {
      "action_time": "2023-04-18T18:02:07.166Z",
      "user": 1,
      "content_type": 13,
      "object_id": "7",
      "object_repr": "Умная розетка Яндекс с Алисой, черный",
      "action_flag": 1,
      "change_message": "[{\"added\": {}}, {\"added\": {\"name\": \"\\u0418\\u0437\\u043e\\u0431\\u0440\\u0430\\u0436\\u0435\\u043d\\u0438\\u0435 \\u0442\\u043e\\u0432\\u0430\\u0440\\u0430\", \"object\": \"\\u0423\\u043c\\u043d\\u0430\\u044f \\u0440\\u043e\\u0437\\u0435\\u0442\\u043a\\u0430 \\u042f\\u043d\\u0434\\u0435\\u043a\\u0441 \\u0441 \\u0410\\u043b\\u0438\\u0441\\u043e\\u0439\"}}]"
    }
  },
  {
    "model": "admin.logentry",
    "pk": 84,
    "fields": {
      "action_time": "2023-04-18T18:03:01.011Z",
      "user": 1,
      "content_type": 13,
      "object_id": "8",
      "object_repr": "Умный пульт Yandex SmartControl",
      "action_flag": 1,
      "change_message": "[{\"added\": {}}, {\"added\": {\"name\": \"\\u0418\\u0437\\u043e\\u0431\\u0440\\u0430\\u0436\\u0435\\u043d\\u0438\\u0435 \\u0442\\u043e\\u0432\\u0430\\u0440\\u0430\", \"object\": \"\\u0423\\u043c\\u043d\\u044b\\u0439 \\u043f\\u0443\\u043b\\u044c\\u0442 Yandex SmartControl\"}}]"
    }
  },
  {
    "model": "admin.logentry",
    "pk": 85,
    "fields": {
      "action_time": "2023-04-18T18:04:33.213Z",
      "user": 1,
      "content_type": 13,
      "object_id": "9",
      "object_repr": "Чехол силиконовый Deppa для AirPods Pro 2 (D-47340) 1.3мм с ремешком Черный",
      "action_flag": 1,
      "change_message": "[{\"added\": {}}, {\"added\": {\"name\": \"\\u0418\\u0437\\u043e\\u0431\\u0440\\u0430\\u0436\\u0435\\u043d\\u0438\\u0435 \\u0442\\u043e\\u0432\\u0430\\u0440\\u0430\", \"object\": \"\\u0427\\u0435\\u0445\\u043e\\u043b \\u0441\\u0438\\u043b\\u0438\\u043a\\u043e\\u043d\\u043e\\u0432\\u044b\\u0439 Deppa \\u0434\\u043b\\u044f AirPods Pro 2\"}}]"
    }
  },
  {
    "model": "admin.logentry",
    "pk": 86,
    "fields": {
      "action_time": "2023-04-20T19:16:50.272Z",
      "user": 1,
      "content_type": 13,
      "object_id": "1",
      "object_repr": "Беспроводные накладные наушники Sony Wh1000xm4b.e Black",
      "action_flag": 2,
      "change_message": "[{\"changed\": {\"fields\": [\"\\u041a\\u043e\\u043b-\\u0432\\u043e\"]}}]"
    }
  },
  {
    "model": "admin.logentry",
    "pk": 87,
    "fields": {
      "action_time": "2023-04-22T04:02:59.763Z",
      "user": 1,
      "content_type": 11,
      "object_id": "1",
      "object_repr": "Конфигурация сайта",
      "action_flag": 2,
      "change_message": "[]"
    }
  },
  {
    "model": "admin.logentry",
    "pk": 88,
    "fields": {
      "action_time": "2023-04-22T04:34:21.011Z",
      "user": 1,
      "content_type": 13,
      "object_id": "6",
      "object_repr": "Умная колонка Яндекс Станция Мини с часами с Алисой, черный оникс, 10Вт",
      "action_flag": 2,
      "change_message": "[]"
    }
  },
  {
    "model": "admin.logentry",
    "pk": 89,
    "fields": {
      "action_time": "2023-04-22T04:34:37.049Z",
      "user": 1,
      "content_type": 13,
      "object_id": "6",
      "object_repr": "Умная колонка Яндекс Станция Мини с часами с Алисой, черный оникс, 10Вт",
      "action_flag": 2,
      "change_message": "[]"
    }
  },
  {
    "model": "admin.logentry",
    "pk": 90,
    "fields": {
      "action_time": "2023-04-23T10:38:13.964Z",
      "user": 1,
      "content_type": 13,
      "object_id": "9",
      "object_repr": "Чехол силиконовый Deppa для AirPods Pro 2 (D-47340) 1.3мм с ремешком Черный",
      "action_flag": 2,
      "change_message": "[{\"changed\": {\"fields\": [\"\\u041a\\u0430\\u0442\\u0435\\u0433\\u043e\\u0440\\u0438\\u044f\"]}}]"
    }
  },
  {
    "model": "admin.logentry",
    "pk": 91,
    "fields": {
      "action_time": "2023-04-29T13:08:03.185Z",
      "user": 1,
      "content_type": 14,
      "object_id": "2",
      "object_repr": "Яндекс",
      "action_flag": 2,
      "change_message": "[{\"changed\": {\"fields\": [\"URL\"]}}]"
    }
  },
  {
    "model": "admin.logentry",
    "pk": 92,
    "fields": {
      "action_time": "2023-04-29T13:08:09.049Z",
      "user": 1,
      "content_type": 14,
      "object_id": "1",
      "object_repr": "Apple",
      "action_flag": 2,
      "change_message": "[{\"changed\": {\"fields\": [\"URL\"]}}]"
    }
  },
  {
    "model": "admin.logentry",
    "pk": 93,
    "fields": {
      "action_time": "2023-04-29T13:11:32.318Z",
      "user": 1,
      "content_type": 14,
      "object_id": "3",
      "object_repr": "Наварот",
      "action_flag": 1,
      "change_message": "[{\"added\": {}}]"
    }
  },
  {
    "model": "admin.logentry",
    "pk": 94,
    "fields": {
      "action_time": "2023-04-29T13:11:39.090Z",
      "user": 1,
      "content_type": 14,
      "object_id": "3",
      "object_repr": "Наварот",
      "action_flag": 3,
      "change_message": ""
    }
  },
  {
    "model": "admin.logentry",
    "pk": 95,
    "fields": {
      "action_time": "2023-04-29T13:15:16.986Z",
      "user": 1,
      "content_type": 14,
      "object_id": "3",
      "object_repr": "Для кухни",
      "action_flag": 1,
      "change_message": "[{\"added\": {}}]"
    }
  },
  {
    "model": "admin.logentry",
    "pk": 96,
    "fields": {
      "action_time": "2023-04-29T13:15:34.693Z",
      "user": 1,
      "content_type": 14,
      "object_id": "None",
      "object_repr": "Для дома",
      "action_flag": 1,
      "change_message": "[{\"added\": {}}]"
    }
  },
  {
    "model": "admin.logentry",
    "pk": 97,
    "fields": {
      "action_time": "2023-04-29T13:16:29.359Z",
      "user": 1,
      "content_type": 14,
      "object_id": "None",
      "object_repr": "Для дома",
      "action_flag": 1,
      "change_message": "[{\"added\": {}}]"
    }
  },
  {
    "model": "admin.logentry",
    "pk": 98,
    "fields": {
      "action_time": "2023-04-29T13:17:48.743Z",
      "user": 1,
      "content_type": 14,
      "object_id": "None",
      "object_repr": "для дома",
      "action_flag": 1,
      "change_message": "[{\"added\": {}}]"
    }
  },
  {
    "model": "admin.logentry",
    "pk": 99,
    "fields": {
      "action_time": "2023-04-29T13:18:22.158Z",
      "user": 1,
      "content_type": 14,
      "object_id": "None",
      "object_repr": "Для дома",
      "action_flag": 1,
      "change_message": "[{\"added\": {}}]"
    }
  },
  {
    "model": "admin.logentry",
    "pk": 100,
    "fields": {
      "action_time": "2023-04-29T13:20:21.606Z",
      "user": 1,
      "content_type": 14,
      "object_id": "None",
      "object_repr": "Для дома",
      "action_flag": 1,
      "change_message": "[{\"added\": {}}]"
    }
  },
  {
    "model": "admin.logentry",
    "pk": 101,
    "fields": {
      "action_time": "2023-04-29T13:20:47.304Z",
      "user": 1,
      "content_type": 14,
      "object_id": "None",
      "object_repr": "Для дома",
      "action_flag": 1,
      "change_message": "[{\"added\": {}}]"
    }
  },
  {
    "model": "admin.logentry",
    "pk": 102,
    "fields": {
      "action_time": "2023-04-29T13:21:40.008Z",
      "user": 1,
      "content_type": 14,
      "object_id": "None",
      "object_repr": "Для кухни",
      "action_flag": 1,
      "change_message": "[{\"added\": {}}]"
    }
  },
  {
    "model": "admin.logentry",
    "pk": 103,
    "fields": {
      "action_time": "2023-04-29T13:22:32.584Z",
      "user": 1,
      "content_type": 14,
      "object_id": "4",
      "object_repr": "Для дома",
      "action_flag": 1,
      "change_message": "[{\"added\": {}}]"
    }
  },
  {
    "model": "admin.logentry",
    "pk": 104,
    "fields": {
      "action_time": "2023-04-29T13:22:40.188Z",
      "user": 1,
      "content_type": 14,
      "object_id": "5",
      "object_repr": "для дома 2",
      "action_flag": 1,
      "change_message": "[{\"added\": {}}]"
    }
  },
  {
    "model": "admin.logentry",
    "pk": 105,
    "fields": {
      "action_time": "2023-04-29T13:22:48.493Z",
      "user": 1,
      "content_type": 14,
      "object_id": "5",
      "object_repr": "для дома 2",
      "action_flag": 3,
      "change_message": ""
    }
  },
  {
    "model": "admin.logentry",
    "pk": 106,
    "fields": {
      "action_time": "2023-04-29T13:22:48.512Z",
      "user": 1,
      "content_type": 14,
      "object_id": "4",
      "object_repr": "Для дома",
      "action_flag": 3,
      "change_message": ""
    }
  },
  {
    "model": "admin.logentry",
    "pk": 107,
    "fields": {
      "action_time": "2023-04-29T13:22:48.522Z",
      "user": 1,
      "content_type": 14,
      "object_id": "3",
      "object_repr": "Для кухни",
      "action_flag": 3,
      "change_message": ""
    }
  },
  {
    "model": "admin.logentry",
    "pk": 108,
    "fields": {
      "action_time": "2023-04-29T13:23:38.660Z",
      "user": 1,
      "content_type": 14,
      "object_id": "3",
      "object_repr": "для дома",
      "action_flag": 1,
      "change_message": "[{\"added\": {}}]"
    }
  },
  {
    "model": "admin.logentry",
    "pk": 109,
    "fields": {
      "action_time": "2023-04-29T13:23:44.414Z",
      "user": 1,
      "content_type": 14,
      "object_id": "4",
      "object_repr": "для кухни",
      "action_flag": 1,
      "change_message": "[{\"added\": {}}]"
    }
  },
  {
    "model": "admin.logentry",
    "pk": 110,
    "fields": {
      "action_time": "2023-04-29T13:23:51.046Z",
      "user": 1,
      "content_type": 14,
      "object_id": "4",
      "object_repr": "для кухни",
      "action_flag": 3,
      "change_message": ""
    }
  },
  {
    "model": "admin.logentry",
    "pk": 111,
    "fields": {
      "action_time": "2023-04-29T13:23:51.071Z",
      "user": 1,
      "content_type": 14,
      "object_id": "3",
      "object_repr": "для дома",
      "action_flag": 3,
      "change_message": ""
    }
  },
  {
    "model": "admin.logentry",
    "pk": 112,
    "fields": {
      "action_time": "2023-04-29T13:38:47.432Z",
      "user": 1,
      "content_type": 13,
      "object_id": "1",
      "object_repr": "Беспроводные накладные наушники Sony Wh1000xm4b.e Black",
      "action_flag": 2,
      "change_message": "[]"
    }
  },
  {
    "model": "admin.logentry",
    "pk": 113,
    "fields": {
      "action_time": "2023-05-04T13:13:37.627Z",
      "user": 1,
      "content_type": 14,
      "object_id": "5",
      "object_repr": "Tuvio",
      "action_flag": 1,
      "change_message": "[{\"added\": {}}]"
    }
  },
  {
    "model": "admin.logentry",
    "pk": 114,
    "fields": {
      "action_time": "2023-05-04T13:14:24.795Z",
      "user": 1,
      "content_type": 14,
      "object_id": "6",
      "object_repr": "Sony",
      "action_flag": 1,
      "change_message": "[{\"added\": {}}]"
    }
  },
  {
    "model": "admin.logentry",
    "pk": 115,
    "fields": {
      "action_time": "2023-05-04T13:14:57.771Z",
      "user": 1,
      "content_type": 13,
      "object_id": "1",
      "object_repr": "Беспроводные накладные наушники Sony Wh1000xm4b.e Black",
      "action_flag": 2,
      "change_message": "[{\"changed\": {\"fields\": [\"\\u041a\\u0430\\u0442\\u0435\\u0433\\u043e\\u0440\\u0438\\u044f\", \"\\u0422\\u0435\\u0433\\u0438\", \"\\u0421\\u0442\\u043e\\u0438\\u043c\\u043e\\u0441\\u0442\\u044c\", \"\\u0421\\u043a\\u0438\\u0434\\u043a\\u0430 (\\u0432 %)\", \"\\u041a\\u043e\\u043b-\\u0432\\u043e\", \"\\u041e\\u0433\\u0440\\u0430\\u043d\\u0438\\u0447\\u0435\\u043d\\u043d\\u044b\\u0439 \\u0442\\u0438\\u0440\\u0430\\u0436\"]}}]"
    }
  },
  {
    "model": "admin.logentry",
    "pk": 116,
    "fields": {
      "action_time": "2023-05-04T13:15:23.129Z",
      "user": 1,
      "content_type": 13,
      "object_id": "1",
      "object_repr": "Беспроводные накладные наушники Sony Wh1000xm4b.e Black",
      "action_flag": 2,
      "change_message": "[{\"changed\": {\"fields\": [\"\\u041a\\u0430\\u0442\\u0435\\u0433\\u043e\\u0440\\u0438\\u044f\", \"\\u0421\\u0442\\u043e\\u0438\\u043c\\u043e\\u0441\\u0442\\u044c\", \"\\u0421\\u043a\\u0438\\u0434\\u043a\\u0430 (\\u0432 %)\"]}}]"
    }
  },
  {
    "model": "admin.logentry",
    "pk": 117,
    "fields": {
      "action_time": "2023-05-04T13:17:12.877Z",
      "user": 1,
      "content_type": 13,
      "object_id": "10",
      "object_repr": "Микроволновая печь Tuvio MS8S20SM1, серый/серебристый",
      "action_flag": 1,
      "change_message": "[{\"added\": {}}, {\"added\": {\"name\": \"\\u0418\\u0437\\u043e\\u0431\\u0440\\u0430\\u0436\\u0435\\u043d\\u0438\\u0435 \\u0442\\u043e\\u0432\\u0430\\u0440\\u0430\", \"object\": \"\\u041c\\u0438\\u043a\\u0440\\u043e\\u0432\\u043e\\u043b\\u043d\\u043e\\u0432\\u0430\\u044f \\u043f\\u0435\\u0447\\u044c Tuvio MS8S20SM1\"}}]"
    }
  },
  {
    "model": "admin.logentry",
    "pk": 118,
    "fields": {
      "action_time": "2023-05-04T13:18:21.848Z",
      "user": 1,
      "content_type": 14,
      "object_id": "7",
      "object_repr": "Weissgauff",
      "action_flag": 1,
      "change_message": "[{\"added\": {}}]"
    }
  },
  {
    "model": "admin.logentry",
    "pk": 119,
    "fields": {
      "action_time": "2023-05-04T13:20:29.450Z",
      "user": 1,
      "content_type": 13,
      "object_id": "11",
      "object_repr": "Холодильник Weissgauff WRK 2000 X Full NoFrost, нержавеющая сталь",
      "action_flag": 1,
      "change_message": "[{\"added\": {}}, {\"added\": {\"name\": \"\\u0418\\u0437\\u043e\\u0431\\u0440\\u0430\\u0436\\u0435\\u043d\\u0438\\u0435 \\u0442\\u043e\\u0432\\u0430\\u0440\\u0430\", \"object\": \"Weissgauff WRK 2000\"}}]"
    }
  },
  {
    "model": "admin.logentry",
    "pk": 120,
    "fields": {
      "action_time": "2023-05-04T13:24:59.672Z",
      "user": 1,
      "content_type": 14,
      "object_id": "8",
      "object_repr": "Midea",
      "action_flag": 1,
      "change_message": "[{\"added\": {}}]"
    }
  },
  {
    "model": "admin.logentry",
    "pk": 121,
    "fields": {
      "action_time": "2023-05-04T13:30:05.903Z",
      "user": 1,
      "content_type": 13,
      "object_id": "12",
      "object_repr": "Холодильник Midea MDRD86SLF01 Ретро",
      "action_flag": 1,
      "change_message": "[{\"added\": {}}, {\"added\": {\"name\": \"\\u0418\\u0437\\u043e\\u0431\\u0440\\u0430\\u0436\\u0435\\u043d\\u0438\\u0435 \\u0442\\u043e\\u0432\\u0430\\u0440\\u0430\", \"object\": \"idea MDRD86SLF01\"}}]"
    }
  },
  {
    "model": "admin.logentry",
    "pk": 122,
    "fields": {
      "action_time": "2023-05-04T13:30:36.983Z",
      "user": 1,
      "content_type": 13,
      "object_id": "12",
      "object_repr": "Холодильник Midea MDRD86SLF01 Ретро",
      "action_flag": 2,
      "change_message": "[{\"changed\": {\"name\": \"\\u0418\\u0437\\u043e\\u0431\\u0440\\u0430\\u0436\\u0435\\u043d\\u0438\\u0435 \\u0442\\u043e\\u0432\\u0430\\u0440\\u0430\", \"object\": \"Midea MDRD86SLF01\", \"fields\": [\"\\u041d\\u0430\\u0437\\u0432\\u0430\\u043d\\u0438\\u0435 \\u0438\\u0437\\u043e\\u0431\\u0440\\u0430\\u0436\\u0435\\u043d\\u0438\\u044f\"]}}]"
    }
  },
  {
    "model": "admin.logentry",
    "pk": 123,
    "fields": {
      "action_time": "2023-05-04T13:30:44.956Z",
      "user": 1,
      "content_type": 13,
      "object_id": "7",
      "object_repr": "Умная розетка Яндекс с Алисой, черный",
      "action_flag": 2,
      "change_message": "[{\"changed\": {\"fields\": [\"\\u041e\\u0433\\u0440\\u0430\\u043d\\u0438\\u0447\\u0435\\u043d\\u043d\\u044b\\u0439 \\u0442\\u0438\\u0440\\u0430\\u0436\"]}}]"
    }
  },
  {
    "model": "admin.logentry",
    "pk": 124,
    "fields": {
      "action_time": "2023-05-04T13:30:51.842Z",
      "user": 1,
      "content_type": 13,
      "object_id": "8",
      "object_repr": "Умный пульт Yandex SmartControl",
      "action_flag": 2,
      "change_message": "[{\"changed\": {\"fields\": [\"\\u041e\\u0433\\u0440\\u0430\\u043d\\u0438\\u0447\\u0435\\u043d\\u043d\\u044b\\u0439 \\u0442\\u0438\\u0440\\u0430\\u0436\"]}}]"
    }
  },
  {
    "model": "admin.logentry",
    "pk": 125,
    "fields": {
      "action_time": "2023-05-04T13:32:28.300Z",
      "user": 1,
      "content_type": 13,
      "object_id": "13",
      "object_repr": "Тестовый товар",
      "action_flag": 1,
      "change_message": "[{\"added\": {}}, {\"added\": {\"name\": \"\\u0418\\u0437\\u043e\\u0431\\u0440\\u0430\\u0436\\u0435\\u043d\\u0438\\u0435 \\u0442\\u043e\\u0432\\u0430\\u0440\\u0430\", \"object\": \"\\u0442\\u0435\\u0441\\u0442\"}}]"
    }
  },
  {
    "model": "admin.logentry",
    "pk": 126,
    "fields": {
      "action_time": "2023-05-04T13:32:38.501Z",
      "user": 1,
      "content_type": 13,
      "object_id": "13",
      "object_repr": "Тестовый товар",
      "action_flag": 2,
      "change_message": "[{\"changed\": {\"fields\": [\"\\u0421\\u0442\\u0430\\u0442\\u0443\\u0441\"]}}]"
    }
  },
  {
    "model": "admin.logentry",
    "pk": 127,
    "fields": {
      "action_time": "2023-05-04T13:33:46.535Z",
      "user": 1,
      "content_type": 13,
      "object_id": "13",
      "object_repr": "Тестовый товар",
      "action_flag": 2,
      "change_message": "[]"
    }
  },
  {
    "model": "admin.logentry",
    "pk": 128,
    "fields": {
      "action_time": "2023-05-04T13:34:34.882Z",
      "user": 1,
      "content_type": 13,
      "object_id": "13",
      "object_repr": "Тестовый товар",
      "action_flag": 2,
      "change_message": "[{\"changed\": {\"fields\": [\"\\u0425\\u0430\\u0440\\u0430\\u043a\\u0442\\u0435\\u0440\\u0438\\u0441\\u0442\\u0438\\u043a\\u0438\"]}}]"
    }
  },
  {
    "model": "admin.logentry",
    "pk": 129,
    "fields": {
      "action_time": "2023-05-04T13:36:26.510Z",
      "user": 1,
      "content_type": 14,
      "object_id": "9",
      "object_repr": "Бирюса",
      "action_flag": 1,
      "change_message": "[{\"added\": {}}]"
    }
  },
  {
    "model": "admin.logentry",
    "pk": 130,
    "fields": {
      "action_time": "2023-05-04T13:37:38.327Z",
      "user": 1,
      "content_type": 13,
      "object_id": "14",
      "object_repr": "Холодильник Бирюса 70, белый",
      "action_flag": 1,
      "change_message": "[{\"added\": {}}, {\"added\": {\"name\": \"\\u0418\\u0437\\u043e\\u0431\\u0440\\u0430\\u0436\\u0435\\u043d\\u0438\\u0435 \\u0442\\u043e\\u0432\\u0430\\u0440\\u0430\", \"object\": \"\\u0411\\u0438\\u0440\\u044e\\u0441\\u0430 70\"}}]"
    }
  },
  {
    "model": "admin.logentry",
    "pk": 131,
    "fields": {
      "action_time": "2023-05-05T10:06:10.380Z",
      "user": 1,
      "content_type": 13,
      "object_id": "15",
      "object_repr": "Микроволновая печь Tuvio MS7M20WE1, белый",
      "action_flag": 1,
      "change_message": "[{\"added\": {}}, {\"added\": {\"name\": \"\\u0418\\u0437\\u043e\\u0431\\u0440\\u0430\\u0436\\u0435\\u043d\\u0438\\u0435 \\u0442\\u043e\\u0432\\u0430\\u0440\\u0430\", \"object\": \"\\u041c\\u0438\\u043a\\u0440\\u043e\\u0432\\u043e\\u043b\\u043d\\u043e\\u0432\\u0430\\u044f \\u043f\\u0435\\u0447\\u044c Tuvio MS7M20WE1\"}}]"
    }
  },
  {
    "model": "admin.logentry",
    "pk": 132,
    "fields": {
      "action_time": "2023-05-05T10:14:00.495Z",
      "user": 1,
      "content_type": 14,
      "object_id": "10",
      "object_repr": "LG",
      "action_flag": 1,
      "change_message": "[{\"added\": {}}]"
    }
  },
  {
    "model": "admin.logentry",
    "pk": 133,
    "fields": {
      "action_time": "2023-05-05T10:17:10.501Z",
      "user": 1,
      "content_type": 13,
      "object_id": "16",
      "object_repr": "Микроволновая печь LG MS2042DB, черный",
      "action_flag": 1,
      "change_message": "[{\"added\": {}}, {\"added\": {\"name\": \"\\u0418\\u0437\\u043e\\u0431\\u0440\\u0430\\u0436\\u0435\\u043d\\u0438\\u0435 \\u0442\\u043e\\u0432\\u0430\\u0440\\u0430\", \"object\": \"\\u041c\\u0438\\u043a\\u0440\\u043e\\u0432\\u043e\\u043b\\u043d\\u043e\\u0432\\u0430\\u044f \\u043f\\u0435\\u0447\\u044c LG MS2042DB\"}}]"
    }
  },
  {
    "model": "admin.logentry",
    "pk": 134,
    "fields": {
      "action_time": "2023-05-05T10:24:53.788Z",
      "user": 1,
      "content_type": 13,
      "object_id": "17",
      "object_repr": "50” Телевизор Tuvio 4K ULTRA HD DLED на платформе Яндекс.ТВ, STV-50FDUBK1R, черный",
      "action_flag": 1,
      "change_message": "[{\"added\": {}}, {\"added\": {\"name\": \"\\u0418\\u0437\\u043e\\u0431\\u0440\\u0430\\u0436\\u0435\\u043d\\u0438\\u0435 \\u0442\\u043e\\u0432\\u0430\\u0440\\u0430\", \"object\": \"50-televizor-tuvio-stv-50fdubk1r-2023\"}}]"
    }
  },
  {
    "model": "admin.logentry",
    "pk": 135,
    "fields": {
      "action_time": "2023-05-05T10:26:01.778Z",
      "user": 1,
      "content_type": 14,
      "object_id": "11",
      "object_repr": "Xiaomi",
      "action_flag": 1,
      "change_message": "[{\"added\": {}}]"
    }
  },
  {
    "model": "admin.logentry",
    "pk": 136,
    "fields": {
      "action_time": "2023-05-05T10:30:02.623Z",
      "user": 1,
      "content_type": 13,
      "object_id": "18",
      "object_repr": "50\" Телевизор Xiaomi TV A2 50 LED, HDR RU, черный",
      "action_flag": 1,
      "change_message": "[{\"added\": {}}, {\"added\": {\"name\": \"\\u0418\\u0437\\u043e\\u0431\\u0440\\u0430\\u0436\\u0435\\u043d\\u0438\\u0435 \\u0442\\u043e\\u0432\\u0430\\u0440\\u0430\", \"object\": \"50-televizor-xiaomi-tv-a2\"}}]"
    }
  },
  {
    "model": "admin.logentry",
    "pk": 137,
    "fields": {
      "action_time": "2023-05-05T10:31:01.168Z",
      "user": 1,
      "content_type": 13,
      "object_id": "6",
      "object_repr": "Умная колонка Яндекс Станция Мини с часами с Алисой, черный оникс, 10Вт",
      "action_flag": 2,
      "change_message": "[{\"changed\": {\"fields\": [\"\\u041a\\u0430\\u0442\\u0435\\u0433\\u043e\\u0440\\u0438\\u044f\"]}}]"
    }
  },
  {
    "model": "admin.logentry",
    "pk": 138,
    "fields": {
      "action_time": "2023-05-05T12:54:43.063Z",
      "user": 1,
      "content_type": 11,
      "object_id": "1",
      "object_repr": "Конфигурация сайта",
      "action_flag": 2,
      "change_message": "[{\"changed\": {\"fields\": [\"\\u0418\\u0437\\u0431\\u0440\\u0430\\u043d\\u043d\\u044b\\u0435 \\u0442\\u043e\\u0432\\u0430\\u0440\\u044b\"]}}]"
    }
  },
  {
    "model": "admin.logentry",
    "pk": 139,
    "fields": {
      "action_time": "2023-05-05T12:57:01.827Z",
      "user": 1,
      "content_type": 10,
      "object_id": "19",
      "object_repr": "Телевизоры",
      "action_flag": 2,
      "change_message": "[{\"changed\": {\"fields\": [\"\\u0418\\u0437\\u043e\\u0431\\u0440\\u0430\\u0436\\u0435\\u043d\\u0438\\u0435\"]}}]"
    }
  },
  {
    "model": "admin.logentry",
    "pk": 140,
    "fields": {
      "action_time": "2023-05-05T12:57:11.275Z",
      "user": 1,
      "content_type": 10,
      "object_id": "9",
      "object_repr": "Смартфоны",
      "action_flag": 2,
      "change_message": "[{\"changed\": {\"fields\": [\"\\u0418\\u0437\\u043e\\u0431\\u0440\\u0430\\u0436\\u0435\\u043d\\u0438\\u0435\"]}}]"
    }
  },
  {
    "model": "admin.logentry",
    "pk": 141,
    "fields": {
      "action_time": "2023-05-05T12:57:17.540Z",
      "user": 1,
      "content_type": 10,
      "object_id": "22",
      "object_repr": "Аудио",
      "action_flag": 2,
      "change_message": "[{\"changed\": {\"fields\": [\"\\u0418\\u0437\\u043e\\u0431\\u0440\\u0430\\u0436\\u0435\\u043d\\u0438\\u0435\"]}}]"
    }
  },
  {
    "model": "admin.logentry",
    "pk": 142,
    "fields": {
      "action_time": "2023-05-05T14:12:20.531Z",
      "user": 1,
      "content_type": 4,
      "object_id": "2",
      "object_repr": "test_user",
      "action_flag": 1,
      "change_message": "[{\"added\": {}}]"
    }
  },
  {
    "model": "admin.logentry",
    "pk": 143,
    "fields": {
      "action_time": "2023-05-05T14:12:34.067Z",
      "user": 1,
      "content_type": 7,
      "object_id": "1",
      "object_repr": "Тестовый пользователь",
      "action_flag": 1,
      "change_message": "[{\"added\": {}}]"
    }
  },
  {
    "model": "admin.logentry",
    "pk": 144,
    "fields": {
      "action_time": "2023-05-05T14:14:35.725Z",
      "user": 1,
      "content_type": 9,
      "object_id": "1",
      "object_repr": "Тестовый пользователь",
      "action_flag": 1,
      "change_message": "[{\"added\": {}}]"
    }
  },
  {
    "model": "admin.logentry",
    "pk": 145,
    "fields": {
      "action_time": "2023-05-05T14:15:05.523Z",
      "user": 1,
      "content_type": 15,
      "object_id": "1",
      "object_repr": "Умная колонка Яндекс Станция Мини с часами с Алисой, черный оникс, 10Вт",
      "action_flag": 1,
      "change_message": "[{\"added\": {}}]"
    }
  },
  {
    "model": "admin.logentry",
    "pk": 146,
    "fields": {
      "action_time": "2023-05-05T14:23:13.484Z",
      "user": 1,
      "content_type": 15,
      "object_id": "1",
      "object_repr": "Умная колонка Яндекс Станция Мини с часами с Алисой, черный оникс, 10Вт",
      "action_flag": 2,
      "change_message": "[{\"changed\": {\"fields\": [\"\\u041e\\u0442\\u0437\\u044b\\u0432\"]}}]"
    }
  },
  {
    "model": "admin.logentry",
    "pk": 147,
    "fields": {
      "action_time": "2023-05-05T14:24:00.713Z",
      "user": 1,
      "content_type": 15,
      "object_id": "1",
      "object_repr": "Умная колонка Яндекс Станция Мини с часами с Алисой, черный оникс, 10Вт",
      "action_flag": 2,
      "change_message": "[]"
    }
  },
  {
    "model": "admin.logentry",
    "pk": 148,
    "fields": {
      "action_time": "2023-05-05T16:06:57.594Z",
      "user": 1,
      "content_type": 13,
      "object_id": "7",
      "object_repr": "Умная розетка Яндекс с Алисой, черный",
      "action_flag": 2,
      "change_message": "[{\"added\": {\"name\": \"\\u0418\\u0437\\u043e\\u0431\\u0440\\u0430\\u0436\\u0435\\u043d\\u0438\\u0435 \\u0442\\u043e\\u0432\\u0430\\u0440\\u0430\", \"object\": \"\\u0423\\u043c\\u043d\\u0430\\u044f \\u0440\\u043e\\u0437\\u0435\\u0442\\u043a\\u0430 \\u042f\\u043d\\u0434\\u0435\\u043a\\u0441 \\u0441 \\u0410\\u043b\\u0438\\u0441\\u043e\\u0439\"}}, {\"added\": {\"name\": \"\\u0418\\u0437\\u043e\\u0431\\u0440\\u0430\\u0436\\u0435\\u043d\\u0438\\u0435 \\u0442\\u043e\\u0432\\u0430\\u0440\\u0430\", \"object\": \"\\u0423\\u043c\\u043d\\u0430\\u044f \\u0440\\u043e\\u0437\\u0435\\u0442\\u043a\\u0430 \\u042f\\u043d\\u0434\\u0435\\u043a\\u0441 \\u0441 \\u0410\\u043b\\u0438\\u0441\\u043e\\u0439\"}}]"
    }
  },
  {
    "model": "admin.logentry",
    "pk": 149,
    "fields": {
      "action_time": "2023-05-06T08:45:25.385Z",
      "user": 1,
      "content_type": 13,
      "object_id": "7",
      "object_repr": "Умная розетка Яндекс с Алисой, черный",
      "action_flag": 2,
      "change_message": "[{\"added\": {\"name\": \"\\u041e\\u0442\\u0437\\u044b\\u0432 \\u043e \\u0442\\u043e\\u0432\\u0430\\u0440\\u0435\", \"object\": \"\\u0423\\u043c\\u043d\\u0430\\u044f \\u0440\\u043e\\u0437\\u0435\\u0442\\u043a\\u0430 \\u042f\\u043d\\u0434\\u0435\\u043a\\u0441 \\u0441 \\u0410\\u043b\\u0438\\u0441\\u043e\\u0439, \\u0447\\u0435\\u0440\\u043d\\u044b\\u0439\"}}]"
    }
  },
  {
    "model": "admin.logentry",
    "pk": 150,
    "fields": {
      "action_time": "2023-05-06T10:07:13.084Z",
      "user": 1,
      "content_type": 7,
      "object_id": "1",
      "object_repr": "Тестовый пользователь",
      "action_flag": 2,
      "change_message": "[{\"changed\": {\"fields\": [\"\\u0410\\u0432\\u0430\\u0442\\u0430\\u0440\"]}}]"
    }
  },
  {
    "model": "admin.logentry",
    "pk": 151,
    "fields": {
      "action_time": "2023-05-06T10:12:07.282Z",
      "user": 1,
      "content_type": 13,
      "object_id": "7",
      "object_repr": "Умная розетка Яндекс с Алисой, черный",
      "action_flag": 2,
      "change_message": "[{\"added\": {\"name\": \"\\u041e\\u0442\\u0437\\u044b\\u0432 \\u043e \\u0442\\u043e\\u0432\\u0430\\u0440\\u0435\", \"object\": \"\\u0423\\u043c\\u043d\\u0430\\u044f \\u0440\\u043e\\u0437\\u0435\\u0442\\u043a\\u0430 \\u042f\\u043d\\u0434\\u0435\\u043a\\u0441 \\u0441 \\u0410\\u043b\\u0438\\u0441\\u043e\\u0439, \\u0447\\u0435\\u0440\\u043d\\u044b\\u0439\"}}]"
    }
  },
  {
    "model": "admin.logentry",
    "pk": 152,
    "fields": {
      "action_time": "2023-05-06T10:52:08.565Z",
      "user": 1,
      "content_type": 14,
      "object_id": "12",
      "object_repr": "Умный дом",
      "action_flag": 1,
      "change_message": "[{\"added\": {}}]"
    }
  },
  {
    "model": "admin.logentry",
    "pk": 153,
    "fields": {
      "action_time": "2023-05-06T10:52:12.957Z",
      "user": 1,
      "content_type": 13,
      "object_id": "7",
      "object_repr": "Умная розетка Яндекс с Алисой, черный",
      "action_flag": 2,
      "change_message": "[{\"changed\": {\"fields\": [\"\\u0422\\u0435\\u0433\\u0438\"]}}]"
    }
  },
  {
    "model": "admin.logentry",
    "pk": 154,
    "fields": {
      "action_time": "2023-05-06T10:52:31.327Z",
      "user": 1,
      "content_type": 14,
      "object_id": "12",
      "object_repr": "Умный дом",
      "action_flag": 2,
      "change_message": "[{\"changed\": {\"fields\": [\"\\u0421\\u0442\\u0430\\u0442\\u0443\\u0441\"]}}]"
    }
  },
  {
    "model": "admin.logentry",
    "pk": 155,
    "fields": {
      "action_time": "2023-05-06T10:52:38.651Z",
      "user": 1,
      "content_type": 14,
      "object_id": "12",
      "object_repr": "Умный дом",
      "action_flag": 2,
      "change_message": "[{\"changed\": {\"fields\": [\"\\u0421\\u0442\\u0430\\u0442\\u0443\\u0441\"]}}]"
    }
  },
  {
    "model": "admin.logentry",
    "pk": 156,
    "fields": {
      "action_time": "2023-05-06T13:10:22.628Z",
      "user": 1,
      "content_type": 7,
      "object_id": "2",
      "object_repr": "Стафеев Дмитрий Олегович",
      "action_flag": 1,
      "change_message": "[{\"added\": {}}]"
    }
  },
  {
    "model": "admin.logentry",
    "pk": 157,
    "fields": {
      "action_time": "2023-05-06T13:10:32.078Z",
      "user": 1,
      "content_type": 9,
      "object_id": "2",
      "object_repr": "Стафеев Дмитрий Олегович",
      "action_flag": 1,
      "change_message": "[{\"added\": {}}]"
    }
  },
  {
    "model": "admin.logentry",
    "pk": 158,
    "fields": {
      "action_time": "2023-05-07T09:44:24.374Z",
      "user": 1,
      "content_type": 4,
      "object_id": "3",
      "object_repr": "test_user2",
      "action_flag": 1,
      "change_message": "[{\"added\": {}}]"
    }
  },
  {
    "model": "admin.logentry",
    "pk": 159,
    "fields": {
      "action_time": "2023-05-07T09:47:49.765Z",
      "user": 1,
      "content_type": 7,
      "object_id": "3",
      "object_repr": "Тестовый пользователь 2",
      "action_flag": 3,
      "change_message": ""
    }
  },
  {
    "model": "admin.logentry",
    "pk": 160,
    "fields": {
      "action_time": "2023-05-07T10:10:17.233Z",
      "user": 1,
      "content_type": 15,
      "object_id": "4",
      "object_repr": "Умная розетка Яндекс с Алисой, черный",
      "action_flag": 3,
      "change_message": ""
    }
  },
  {
    "model": "admin.logentry",
    "pk": 161,
    "fields": {
      "action_time": "2023-05-07T10:10:17.241Z",
      "user": 1,
      "content_type": 15,
      "object_id": "5",
      "object_repr": "Умная розетка Яндекс с Алисой, черный",
      "action_flag": 3,
      "change_message": ""
    }
  },
  {
    "model": "admin.logentry",
    "pk": 162,
    "fields": {
      "action_time": "2023-05-07T10:10:17.250Z",
      "user": 1,
      "content_type": 15,
      "object_id": "6",
      "object_repr": "Умная розетка Яндекс с Алисой, черный",
      "action_flag": 3,
      "change_message": ""
    }
  },
  {
    "model": "admin.logentry",
    "pk": 163,
    "fields": {
      "action_time": "2023-05-07T10:10:17.257Z",
      "user": 1,
      "content_type": 15,
      "object_id": "8",
      "object_repr": "Умная розетка Яндекс с Алисой, черный",
      "action_flag": 3,
      "change_message": ""
    }
  },
  {
    "model": "admin.logentry",
    "pk": 164,
    "fields": {
      "action_time": "2023-05-07T10:10:17.265Z",
      "user": 1,
      "content_type": 15,
      "object_id": "9",
      "object_repr": "Умная розетка Яндекс с Алисой, черный",
      "action_flag": 3,
      "change_message": ""
    }
  },
  {
    "model": "admin.logentry",
    "pk": 165,
    "fields": {
      "action_time": "2023-05-07T10:10:17.273Z",
      "user": 1,
      "content_type": 15,
      "object_id": "10",
      "object_repr": "Умная розетка Яндекс с Алисой, черный",
      "action_flag": 3,
      "change_message": ""
    }
  },
  {
    "model": "admin.logentry",
    "pk": 166,
    "fields": {
      "action_time": "2023-05-07T10:10:17.273Z",
      "user": 1,
      "content_type": 15,
      "object_id": "11",
      "object_repr": "Умная розетка Яндекс с Алисой, черный",
      "action_flag": 3,
      "change_message": ""
    }
  },
  {
    "model": "admin.logentry",
    "pk": 167,
    "fields": {
      "action_time": "2023-05-07T10:10:29.095Z",
      "user": 1,
      "content_type": 15,
      "object_id": "3",
      "object_repr": "Умная розетка Яндекс с Алисой, черный",
      "action_flag": 2,
      "change_message": "[{\"changed\": {\"fields\": [\"\\u0421\\u0442\\u0430\\u0442\\u0443\\u0441\"]}}]"
    }
  },
  {
    "model": "admin.logentry",
    "pk": 168,
    "fields": {
      "action_time": "2023-05-07T10:10:41.271Z",
      "user": 1,
      "content_type": 15,
      "object_id": "3",
      "object_repr": "Умная розетка Яндекс с Алисой, черный",
      "action_flag": 2,
      "change_message": "[{\"changed\": {\"fields\": [\"\\u0421\\u0442\\u0430\\u0442\\u0443\\u0441\"]}}]"
    }
  },
  {
    "model": "admin.logentry",
    "pk": 169,
    "fields": {
      "action_time": "2023-05-07T10:44:26.581Z",
      "user": 1,
      "content_type": 15,
      "object_id": "12",
      "object_repr": "Умная розетка Яндекс с Алисой, черный",
      "action_flag": 3,
      "change_message": ""
    }
  },
  {
    "model": "admin.logentry",
    "pk": 170,
    "fields": {
      "action_time": "2023-05-07T10:44:26.609Z",
      "user": 1,
      "content_type": 15,
      "object_id": "13",
      "object_repr": "Умная розетка Яндекс с Алисой, черный",
      "action_flag": 3,
      "change_message": ""
    }
  },
  {
    "model": "admin.logentry",
    "pk": 171,
    "fields": {
      "action_time": "2023-05-07T10:44:26.614Z",
      "user": 1,
      "content_type": 15,
      "object_id": "14",
      "object_repr": "Умная розетка Яндекс с Алисой, черный",
      "action_flag": 3,
      "change_message": ""
    }
  },
  {
    "model": "admin.logentry",
    "pk": 172,
    "fields": {
      "action_time": "2023-05-07T10:44:26.622Z",
      "user": 1,
      "content_type": 15,
      "object_id": "15",
      "object_repr": "Умная розетка Яндекс с Алисой, черный",
      "action_flag": 3,
      "change_message": ""
    }
  },
  {
    "model": "admin.logentry",
    "pk": 173,
    "fields": {
      "action_time": "2023-05-07T10:44:26.630Z",
      "user": 1,
      "content_type": 15,
      "object_id": "16",
      "object_repr": "Умная розетка Яндекс с Алисой, черный",
      "action_flag": 3,
      "change_message": ""
    }
  },
  {
    "model": "admin.logentry",
    "pk": 174,
    "fields": {
      "action_time": "2023-05-07T10:44:26.640Z",
      "user": 1,
      "content_type": 15,
      "object_id": "17",
      "object_repr": "Умная розетка Яндекс с Алисой, черный",
      "action_flag": 3,
      "change_message": ""
    }
  },
  {
    "model": "admin.logentry",
    "pk": 175,
    "fields": {
      "action_time": "2023-05-07T10:44:26.646Z",
      "user": 1,
      "content_type": 15,
      "object_id": "18",
      "object_repr": "Умная розетка Яндекс с Алисой, черный",
      "action_flag": 3,
      "change_message": ""
    }
  },
  {
    "model": "admin.logentry",
    "pk": 176,
    "fields": {
      "action_time": "2023-05-07T10:44:26.646Z",
      "user": 1,
      "content_type": 15,
      "object_id": "19",
      "object_repr": "Умная розетка Яндекс с Алисой, черный",
      "action_flag": 3,
      "change_message": ""
    }
  },
  {
    "model": "admin.logentry",
    "pk": 177,
    "fields": {
      "action_time": "2023-05-07T10:44:26.654Z",
      "user": 1,
      "content_type": 15,
      "object_id": "20",
      "object_repr": "Умная розетка Яндекс с Алисой, черный",
      "action_flag": 3,
      "change_message": ""
    }
  },
  {
    "model": "admin.logentry",
    "pk": 178,
    "fields": {
      "action_time": "2023-05-07T11:04:02.252Z",
      "user": 1,
      "content_type": 15,
      "object_id": "21",
      "object_repr": "Умная розетка Яндекс с Алисой, черный",
      "action_flag": 3,
      "change_message": ""
    }
  },
  {
    "model": "admin.logentry",
    "pk": 179,
    "fields": {
      "action_time": "2023-05-07T11:04:02.260Z",
      "user": 1,
      "content_type": 15,
      "object_id": "22",
      "object_repr": "Умная розетка Яндекс с Алисой, черный",
      "action_flag": 3,
      "change_message": ""
    }
  },
  {
    "model": "admin.logentry",
    "pk": 180,
    "fields": {
      "action_time": "2023-05-07T11:04:02.268Z",
      "user": 1,
      "content_type": 15,
      "object_id": "23",
      "object_repr": "Умная розетка Яндекс с Алисой, черный",
      "action_flag": 3,
      "change_message": ""
    }
  },
  {
    "model": "admin.logentry",
    "pk": 181,
    "fields": {
      "action_time": "2023-05-09T12:55:52.594Z",
      "user": 1,
      "content_type": 13,
      "object_id": "1",
      "object_repr": "Беспроводные накладные наушники Sony Wh1000xm4b.e Black",
      "action_flag": 2,
      "change_message": "[{\"changed\": {\"fields\": [\"\\u041a\\u043e\\u043b-\\u0432\\u043e\"]}}]"
    }
  },
  {
    "model": "admin.logentry",
    "pk": 182,
    "fields": {
      "action_time": "2023-05-09T12:56:59.366Z",
      "user": 1,
      "content_type": 13,
      "object_id": "1",
      "object_repr": "Беспроводные накладные наушники Sony Wh1000xm4b.e Black",
      "action_flag": 2,
      "change_message": "[{\"changed\": {\"fields\": [\"\\u041a\\u043e\\u043b-\\u0432\\u043e\"]}}]"
    }
  },
  {
    "model": "admin.logentry",
    "pk": 183,
    "fields": {
      "action_time": "2023-05-09T12:58:34.502Z",
      "user": 1,
      "content_type": 13,
      "object_id": "1",
      "object_repr": "Беспроводные накладные наушники Sony Wh1000xm4b.e Black",
      "action_flag": 2,
      "change_message": "[{\"changed\": {\"fields\": [\"\\u041a\\u043e\\u043b-\\u0432\\u043e\"]}}]"
    }
  },
  {
    "model": "admin.logentry",
    "pk": 184,
    "fields": {
      "action_time": "2023-05-09T13:04:27.079Z",
      "user": 1,
      "content_type": 13,
      "object_id": "1",
      "object_repr": "Беспроводные накладные наушники Sony Wh1000xm4b.e Black",
      "action_flag": 2,
      "change_message": "[]"
    }
  },
  {
    "model": "admin.logentry",
    "pk": 185,
    "fields": {
      "action_time": "2023-05-09T13:14:39.601Z",
      "user": 1,
      "content_type": 13,
      "object_id": "1",
      "object_repr": "Беспроводные накладные наушники Sony Wh1000xm4b.e Black",
      "action_flag": 2,
      "change_message": "[]"
    }
  },
  {
    "model": "admin.logentry",
    "pk": 186,
    "fields": {
      "action_time": "2023-05-09T13:14:52.643Z",
      "user": 1,
      "content_type": 13,
      "object_id": "1",
      "object_repr": "Беспроводные накладные наушники Sony Wh1000xm4b.e Black",
      "action_flag": 2,
      "change_message": "[{\"changed\": {\"fields\": [\"\\u041a\\u043e\\u043b-\\u0432\\u043e\"]}}]"
    }
  },
  {
    "model": "admin.logentry",
    "pk": 187,
    "fields": {
      "action_time": "2023-05-09T13:15:41.483Z",
      "user": 1,
      "content_type": 13,
      "object_id": "1",
      "object_repr": "Беспроводные накладные наушники Sony Wh1000xm4b.e Black",
      "action_flag": 2,
      "change_message": "[{\"changed\": {\"fields\": [\"\\u041a\\u043e\\u043b-\\u0432\\u043e\"]}}]"
    }
  },
  {
    "model": "admin.logentry",
    "pk": 188,
    "fields": {
      "action_time": "2023-05-09T13:17:05.224Z",
      "user": 1,
      "content_type": 10,
      "object_id": "7",
      "object_repr": "Бытовая техника",
      "action_flag": 2,
      "change_message": "[{\"changed\": {\"fields\": [\"\\u0418\\u0437\\u0431\\u0440\\u0430\\u043d\\u043d\\u0430\\u044f \\u043a\\u0430\\u0442\\u0435\\u0433\\u043e\\u0440\\u0438\\u044f\"]}}]"
    }
  },
  {
    "model": "admin.logentry",
    "pk": 189,
    "fields": {
      "action_time": "2023-05-09T14:02:37.607Z",
      "user": 1,
      "content_type": 10,
      "object_id": "7",
      "object_repr": "Бытовая техника",
      "action_flag": 2,
      "change_message": "[{\"changed\": {\"fields\": [\"\\u0418\\u0437\\u043e\\u0431\\u0440\\u0430\\u0436\\u0435\\u043d\\u0438\\u0435\"]}}]"
    }
  },
  {
    "model": "admin.logentry",
    "pk": 190,
    "fields": {
      "action_time": "2023-05-09T14:08:59.307Z",
      "user": 1,
      "content_type": 10,
      "object_id": "21",
      "object_repr": "Микроволновки",
      "action_flag": 2,
      "change_message": "[{\"changed\": {\"fields\": [\"\\u0418\\u0437\\u043e\\u0431\\u0440\\u0430\\u0436\\u0435\\u043d\\u0438\\u0435\"]}}]"
    }
  },
  {
    "model": "admin.logentry",
    "pk": 191,
    "fields": {
      "action_time": "2023-05-09T14:09:05.025Z",
      "user": 1,
      "content_type": 10,
      "object_id": "20",
      "object_repr": "Холодильники",
      "action_flag": 2,
      "change_message": "[{\"changed\": {\"fields\": [\"\\u0418\\u0437\\u043e\\u0431\\u0440\\u0430\\u0436\\u0435\\u043d\\u0438\\u0435\"]}}]"
    }
  },
  {
    "model": "admin.logentry",
    "pk": 192,
    "fields": {
      "action_time": "2023-05-09T14:11:45.439Z",
      "user": 1,
      "content_type": 10,
      "object_id": "19",
      "object_repr": "Телевизоры",
      "action_flag": 2,
      "change_message": "[{\"changed\": {\"fields\": [\"\\u0418\\u0437\\u043e\\u0431\\u0440\\u0430\\u0436\\u0435\\u043d\\u0438\\u0435\"]}}]"
    }
  },
  {
    "model": "admin.logentry",
    "pk": 193,
    "fields": {
      "action_time": "2023-05-09T14:12:40.213Z",
      "user": 1,
      "content_type": 10,
      "object_id": "20",
      "object_repr": "Холодильники",
      "action_flag": 2,
      "change_message": "[{\"changed\": {\"fields\": [\"\\u0418\\u0437\\u043e\\u0431\\u0440\\u0430\\u0436\\u0435\\u043d\\u0438\\u0435\"]}}]"
    }
  },
  {
    "model": "admin.logentry",
    "pk": 194,
    "fields": {
      "action_time": "2023-05-09T14:13:34.624Z",
      "user": 1,
      "content_type": 10,
      "object_id": "21",
      "object_repr": "Микроволновки",
      "action_flag": 2,
      "change_message": "[{\"changed\": {\"fields\": [\"\\u0418\\u0437\\u043e\\u0431\\u0440\\u0430\\u0436\\u0435\\u043d\\u0438\\u0435\"]}}]"
    }
  },
  {
    "model": "admin.logentry",
    "pk": 195,
    "fields": {
      "action_time": "2023-05-09T14:21:45.207Z",
      "user": 1,
      "content_type": 10,
      "object_id": "26",
      "object_repr": "Продукты питания",
      "action_flag": 2,
      "change_message": "[{\"changed\": {\"fields\": [\"\\u0418\\u0437\\u043e\\u0431\\u0440\\u0430\\u0436\\u0435\\u043d\\u0438\\u0435\"]}}]"
    }
  },
  {
    "model": "admin.logentry",
    "pk": 196,
    "fields": {
      "action_time": "2023-05-09T14:21:52.036Z",
      "user": 1,
      "content_type": 10,
      "object_id": "26",
      "object_repr": "Продукты питания",
      "action_flag": 2,
      "change_message": "[{\"changed\": {\"fields\": [\"\\u0418\\u0437\\u0431\\u0440\\u0430\\u043d\\u043d\\u0430\\u044f \\u043a\\u0430\\u0442\\u0435\\u0433\\u043e\\u0440\\u0438\\u044f\"]}}]"
    }
  },
  {
    "model": "admin.logentry",
    "pk": 197,
    "fields": {
      "action_time": "2023-05-09T14:24:33.145Z",
      "user": 1,
      "content_type": 10,
      "object_id": "30",
      "object_repr": "Красота и здоровье",
      "action_flag": 2,
      "change_message": "[{\"changed\": {\"fields\": [\"\\u0418\\u0437\\u043e\\u0431\\u0440\\u0430\\u0436\\u0435\\u043d\\u0438\\u0435\", \"\\u0418\\u0437\\u0431\\u0440\\u0430\\u043d\\u043d\\u0430\\u044f \\u043a\\u0430\\u0442\\u0435\\u0433\\u043e\\u0440\\u0438\\u044f\"]}}]"
    }
  },
  {
    "model": "admin.logentry",
    "pk": 198,
    "fields": {
      "action_time": "2023-05-09T14:26:08.725Z",
      "user": 1,
      "content_type": 10,
      "object_id": "7",
      "object_repr": "Бытовая техника",
      "action_flag": 2,
      "change_message": "[{\"changed\": {\"fields\": [\"\\u0418\\u0437\\u043e\\u0431\\u0440\\u0430\\u0436\\u0435\\u043d\\u0438\\u0435\", \"\\u0418\\u0437\\u0431\\u0440\\u0430\\u043d\\u043d\\u0430\\u044f \\u043a\\u0430\\u0442\\u0435\\u0433\\u043e\\u0440\\u0438\\u044f\"]}}]"
    }
  },
  {
    "model": "admin.logentry",
    "pk": 199,
    "fields": {
      "action_time": "2023-05-09T14:27:10.244Z",
      "user": 1,
      "content_type": 10,
      "object_id": "27",
      "object_repr": "Дом и сад",
      "action_flag": 2,
      "change_message": "[{\"changed\": {\"fields\": [\"\\u0418\\u0437\\u043e\\u0431\\u0440\\u0430\\u0436\\u0435\\u043d\\u0438\\u0435\", \"\\u0418\\u0437\\u0431\\u0440\\u0430\\u043d\\u043d\\u0430\\u044f \\u043a\\u0430\\u0442\\u0435\\u0433\\u043e\\u0440\\u0438\\u044f\"]}}]"
    }
  },
  {
    "model": "admin.logentry",
    "pk": 200,
    "fields": {
      "action_time": "2023-05-09T14:27:56.649Z",
      "user": 1,
      "content_type": 10,
      "object_id": "24",
      "object_repr": "Книги",
      "action_flag": 2,
      "change_message": "[{\"changed\": {\"fields\": [\"\\u0418\\u0437\\u043e\\u0431\\u0440\\u0430\\u0436\\u0435\\u043d\\u0438\\u0435\", \"\\u0418\\u0437\\u0431\\u0440\\u0430\\u043d\\u043d\\u0430\\u044f \\u043a\\u0430\\u0442\\u0435\\u0433\\u043e\\u0440\\u0438\\u044f\"]}}]"
    }
  },
  {
    "model": "admin.logentry",
    "pk": 201,
    "fields": {
      "action_time": "2023-05-09T14:28:33.988Z",
      "user": 1,
      "content_type": 10,
      "object_id": "25",
      "object_repr": "Мебель",
      "action_flag": 2,
      "change_message": "[{\"changed\": {\"fields\": [\"\\u0418\\u0437\\u043e\\u0431\\u0440\\u0430\\u0436\\u0435\\u043d\\u0438\\u0435\", \"\\u0418\\u0437\\u0431\\u0440\\u0430\\u043d\\u043d\\u0430\\u044f \\u043a\\u0430\\u0442\\u0435\\u0433\\u043e\\u0440\\u0438\\u044f\"]}}]"
    }
  },
  {
    "model": "admin.logentry",
    "pk": 202,
    "fields": {
      "action_time": "2023-05-09T14:29:38.947Z",
      "user": 1,
      "content_type": 10,
      "object_id": "23",
      "object_repr": "Одежда",
      "action_flag": 2,
      "change_message": "[{\"changed\": {\"fields\": [\"\\u0418\\u0437\\u043e\\u0431\\u0440\\u0430\\u0436\\u0435\\u043d\\u0438\\u0435\", \"\\u0418\\u0437\\u0431\\u0440\\u0430\\u043d\\u043d\\u0430\\u044f \\u043a\\u0430\\u0442\\u0435\\u0433\\u043e\\u0440\\u0438\\u044f\"]}}]"
    }
  },
  {
    "model": "admin.logentry",
    "pk": 203,
    "fields": {
      "action_time": "2023-05-09T14:30:42.516Z",
      "user": 1,
      "content_type": 10,
      "object_id": "8",
      "object_repr": "Электроника",
      "action_flag": 2,
      "change_message": "[{\"changed\": {\"fields\": [\"\\u0418\\u0437\\u043e\\u0431\\u0440\\u0430\\u0436\\u0435\\u043d\\u0438\\u0435\", \"\\u0418\\u0437\\u0431\\u0440\\u0430\\u043d\\u043d\\u0430\\u044f \\u043a\\u0430\\u0442\\u0435\\u0433\\u043e\\u0440\\u0438\\u044f\"]}}]"
    }
  },
  {
    "model": "admin.logentry",
    "pk": 204,
    "fields": {
      "action_time": "2023-05-09T14:32:07.959Z",
      "user": 1,
      "content_type": 10,
      "object_id": "22",
      "object_repr": "Аудио",
      "action_flag": 2,
      "change_message": "[{\"changed\": {\"fields\": [\"\\u0418\\u0437\\u043e\\u0431\\u0440\\u0430\\u0436\\u0435\\u043d\\u0438\\u0435\", \"\\u0418\\u0437\\u0431\\u0440\\u0430\\u043d\\u043d\\u0430\\u044f \\u043a\\u0430\\u0442\\u0435\\u0433\\u043e\\u0440\\u0438\\u044f\"]}}]"
    }
  },
  {
    "model": "admin.logentry",
    "pk": 205,
    "fields": {
      "action_time": "2023-05-09T14:32:20.484Z",
      "user": 1,
      "content_type": 10,
      "object_id": "9",
      "object_repr": "Смартфоны",
      "action_flag": 2,
      "change_message": "[{\"changed\": {\"fields\": [\"\\u0418\\u0437\\u043e\\u0431\\u0440\\u0430\\u0436\\u0435\\u043d\\u0438\\u0435\", \"\\u0418\\u0437\\u0431\\u0440\\u0430\\u043d\\u043d\\u0430\\u044f \\u043a\\u0430\\u0442\\u0435\\u0433\\u043e\\u0440\\u0438\\u044f\"]}}]"
    }
  },
  {
    "model": "admin.logentry",
    "pk": 206,
    "fields": {
      "action_time": "2023-05-09T15:30:54.551Z",
      "user": 1,
      "content_type": 13,
      "object_id": "6",
      "object_repr": "Умная колонка Яндекс Станция Мини с часами с Алисой, черный оникс, 10Вт",
      "action_flag": 2,
      "change_message": "[{\"changed\": {\"fields\": [\"\\u041a\\u043e\\u043b-\\u0432\\u043e\"]}}]"
    }
  },
  {
    "model": "admin.logentry",
    "pk": 207,
    "fields": {
      "action_time": "2023-05-09T15:31:08.254Z",
      "user": 1,
      "content_type": 13,
      "object_id": "14",
      "object_repr": "Холодильник Бирюса 70, белый",
      "action_flag": 2,
      "change_message": "[{\"changed\": {\"fields\": [\"\\u041a\\u043e\\u043b-\\u0432\\u043e\"]}}]"
    }
  },
  {
    "model": "admin.logentry",
    "pk": 208,
    "fields": {
      "action_time": "2023-05-09T15:31:15.934Z",
      "user": 1,
      "content_type": 13,
      "object_id": "16",
      "object_repr": "Микроволновая печь LG MS2042DB, черный",
      "action_flag": 2,
      "change_message": "[{\"changed\": {\"fields\": [\"\\u041a\\u043e\\u043b-\\u0432\\u043e\"]}}]"
    }
  },
  {
    "model": "admin.logentry",
    "pk": 209,
    "fields": {
      "action_time": "2023-05-09T15:31:22.976Z",
      "user": 1,
      "content_type": 13,
      "object_id": "17",
      "object_repr": "50” Телевизор Tuvio 4K ULTRA HD DLED на платформе Яндекс.ТВ, STV-50FDUBK1R, черный",
      "action_flag": 2,
      "change_message": "[{\"changed\": {\"fields\": [\"\\u041a\\u043e\\u043b-\\u0432\\u043e\"]}}]"
    }
  },
  {
    "model": "admin.logentry",
    "pk": 210,
    "fields": {
      "action_time": "2023-05-13T09:15:28.093Z",
      "user": 1,
      "content_type": 4,
      "object_id": "2",
      "object_repr": "test_user",
      "action_flag": 2,
      "change_message": "[{\"changed\": {\"fields\": [\"Email address\"]}}]"
    }
  },
  {
    "model": "admin.logentry",
    "pk": 211,
    "fields": {
      "action_time": "2023-05-13T09:53:41.752Z",
      "user": 1,
      "content_type": 4,
      "object_id": "3",
      "object_repr": "test_user2",
      "action_flag": 2,
      "change_message": "[{\"changed\": {\"fields\": [\"Email address\"]}}]"
    }
  },
  {
    "model": "admin.logentry",
    "pk": 212,
    "fields": {
      "action_time": "2023-05-13T11:00:13.666Z",
      "user": 1,
      "content_type": 7,
      "object_id": "4",
      "object_repr": "Валя",
      "action_flag": 2,
      "change_message": "[]"
    }
  },
  {
    "model": "admin.logentry",
    "pk": 213,
    "fields": {
      "action_time": "2023-05-13T11:34:04.486Z",
      "user": 1,
      "content_type": 4,
      "object_id": "1",
      "object_repr": "adminn",
      "action_flag": 2,
      "change_message": "[{\"changed\": {\"fields\": [\"Email address\"]}}]"
    }
  },
  {
    "model": "admin.logentry",
    "pk": 214,
    "fields": {
      "action_time": "2023-05-13T11:34:31.599Z",
      "user": 1,
      "content_type": 4,
      "object_id": "1",
      "object_repr": "admin",
      "action_flag": 2,
      "change_message": "[{\"changed\": {\"fields\": [\"Username\", \"Email address\"]}}]"
    }
  },
  {
    "model": "admin.logentry",
    "pk": 215,
    "fields": {
      "action_time": "2023-05-14T09:45:37.076Z",
      "user": 1,
      "content_type": 11,
      "object_id": "1",
      "object_repr": "Конфигурация сайта",
      "action_flag": 2,
      "change_message": "[]"
    }
  },
  {
    "model": "admin.logentry",
    "pk": 216,
    "fields": {
      "action_time": "2023-05-14T09:48:49.946Z",
      "user": 1,
      "content_type": 11,
      "object_id": "1",
      "object_repr": "Конфигурация сайта",
      "action_flag": 2,
      "change_message": "[{\"changed\": {\"fields\": [\"\\u041a\\u044d\\u0448\\u0438\\u0440\\u043e\\u0432\\u0430\\u043d\\u0438\\u0435 (\\u043a\\u043e\\u043b-\\u0432\\u043e \\u0447\\u0430\\u0441\\u043e\\u0432)\"]}}]"
    }
  },
  {
    "model": "admin.logentry",
    "pk": 217,
    "fields": {
      "action_time": "2023-05-14T10:25:48.750Z",
      "user": 1,
      "content_type": 13,
      "object_id": "1",
      "object_repr": "Беспроводные накладные наушники Sony Wh1000xm4b.e Black",
      "action_flag": 2,
      "change_message": "[]"
    }
  },
  {
    "model": "admin.logentry",
    "pk": 218,
    "fields": {
      "action_time": "2023-05-14T10:28:03.774Z",
      "user": 1,
      "content_type": 13,
      "object_id": "1",
      "object_repr": "Беспроводные накладные наушники Sony Wh1000xm4b.e Black",
      "action_flag": 2,
      "change_message": "[]"
    }
  },
  {
    "model": "admin.logentry",
    "pk": 219,
    "fields": {
      "action_time": "2023-05-14T10:29:47.882Z",
      "user": 1,
      "content_type": 13,
      "object_id": "6",
      "object_repr": "Умная колонка Яндекс Станция Мини с часами с Алисой, черный оникс, 10Вт",
      "action_flag": 2,
      "change_message": "[]"
    }
  },
  {
    "model": "admin.logentry",
    "pk": 220,
    "fields": {
      "action_time": "2023-05-14T10:30:37.338Z",
      "user": 1,
      "content_type": 13,
      "object_id": "6",
      "object_repr": "Умная колонка Яндекс Станция Мини с часами с Алисой, черный оникс, 10Вт",
      "action_flag": 2,
      "change_message": "[]"
    }
  },
  {
    "model": "admin.logentry",
    "pk": 221,
    "fields": {
      "action_time": "2023-05-14T10:30:54.361Z",
      "user": 1,
      "content_type": 13,
      "object_id": "1",
      "object_repr": "Беспроводные накладные наушники Sony Wh1000xm4b.e Black",
      "action_flag": 2,
      "change_message": "[]"
    }
  },
  {
    "model": "admin.logentry",
    "pk": 222,
    "fields": {
      "action_time": "2023-05-14T10:34:41.830Z",
      "user": 1,
      "content_type": 13,
      "object_id": "1",
      "object_repr": "Беспроводные накладные наушники Sony Wh1000xm4b.e Black",
      "action_flag": 2,
      "change_message": "[]"
    }
  },
  {
    "model": "admin.logentry",
    "pk": 223,
    "fields": {
      "action_time": "2023-05-14T10:38:23.826Z",
      "user": 1,
      "content_type": 13,
      "object_id": "1",
      "object_repr": "Беспроводные накладные наушники Sony Wh1000xm4b.e Black",
      "action_flag": 2,
      "change_message": "[]"
    }
  },
  {
    "model": "admin.logentry",
    "pk": 224,
    "fields": {
      "action_time": "2023-05-14T10:39:05.536Z",
      "user": 1,
      "content_type": 13,
      "object_id": "1",
      "object_repr": "Беспроводные накладные наушники Sony Wh1000xm4b.e Black",
      "action_flag": 2,
      "change_message": "[]"
    }
  },
  {
    "model": "admin.logentry",
    "pk": 225,
    "fields": {
      "action_time": "2023-05-14T10:42:40.413Z",
      "user": 1,
      "content_type": 13,
      "object_id": "6",
      "object_repr": "Умная колонка Яндекс Станция Мини с часами с Алисой, черный оникс, 10Вт",
      "action_flag": 2,
      "change_message": "[]"
    }
  },
  {
    "model": "admin.logentry",
    "pk": 226,
    "fields": {
      "action_time": "2023-05-14T10:45:24.412Z",
      "user": 1,
      "content_type": 13,
      "object_id": "6",
      "object_repr": "Умная колонка Яндекс Станция Мини с часами с Алисой, черный оникс, 10Вт",
      "action_flag": 2,
      "change_message": "[]"
    }
  },
  {
    "model": "admin.logentry",
    "pk": 227,
    "fields": {
      "action_time": "2023-05-14T10:46:22.117Z",
      "user": 1,
      "content_type": 13,
      "object_id": "6",
      "object_repr": "Умная колонка Яндекс Станция Мини с часами с Алисой, черный оникс, 10Вт",
      "action_flag": 2,
      "change_message": "[]"
    }
  },
  {
    "model": "admin.logentry",
    "pk": 228,
    "fields": {
      "action_time": "2023-05-14T10:47:11.268Z",
      "user": 1,
      "content_type": 13,
      "object_id": "6",
      "object_repr": "Умная колонка Яндекс Станция Мини с часами с Алисой, черный оникс, 10Вт",
      "action_flag": 2,
      "change_message": "[]"
    }
  },
  {
    "model": "admin.logentry",
    "pk": 229,
    "fields": {
      "action_time": "2023-05-14T10:47:31.178Z",
      "user": 1,
      "content_type": 13,
      "object_id": "1",
      "object_repr": "Беспроводные накладные наушники Sony Wh1000xm4b.e Black",
      "action_flag": 2,
      "change_message": "[]"
    }
  },
  {
    "model": "admin.logentry",
    "pk": 230,
    "fields": {
      "action_time": "2023-05-14T10:47:38.707Z",
      "user": 1,
      "content_type": 13,
      "object_id": "6",
      "object_repr": "Умная колонка Яндекс Станция Мини с часами с Алисой, черный оникс, 10Вт",
      "action_flag": 2,
      "change_message": "[]"
    }
  },
  {
    "model": "admin.logentry",
    "pk": 231,
    "fields": {
      "action_time": "2023-05-14T10:47:49.567Z",
      "user": 1,
      "content_type": 13,
      "object_id": "6",
      "object_repr": "Умная колонка Яндекс Станция Мини с часами с Алисой, черный оникс, 10Вт",
      "action_flag": 2,
      "change_message": "[]"
    }
  },
  {
    "model": "admin.logentry",
    "pk": 232,
    "fields": {
      "action_time": "2023-05-14T10:50:04.475Z",
      "user": 1,
      "content_type": 13,
      "object_id": "6",
      "object_repr": "Умная колонка Яндекс Станция Мини с часами с Алисой, черный оникс, 10Вт",
      "action_flag": 2,
      "change_message": "[]"
    }
  },
  {
    "model": "admin.logentry",
    "pk": 233,
    "fields": {
      "action_time": "2023-05-14T10:50:24.558Z",
      "user": 1,
      "content_type": 13,
      "object_id": "6",
      "object_repr": "Умная колонка Яндекс Станция Мини с часами с Алисой, черный оникс, 10Вт",
      "action_flag": 2,
      "change_message": "[]"
    }
  },
  {
    "model": "admin.logentry",
    "pk": 234,
    "fields": {
      "action_time": "2023-05-14T10:52:17.907Z",
      "user": 1,
      "content_type": 13,
      "object_id": "6",
      "object_repr": "Умная колонка Яндекс Станция Мини с часами с Алисой, черный оникс, 10Вт",
      "action_flag": 2,
      "change_message": "[]"
    }
  },
  {
    "model": "admin.logentry",
    "pk": 235,
    "fields": {
      "action_time": "2023-05-14T10:54:11.472Z",
      "user": 1,
      "content_type": 13,
      "object_id": "1",
      "object_repr": "Беспроводные накладные наушники Sony Wh1000xm4b.e Black",
      "action_flag": 2,
      "change_message": "[]"
    }
  },
  {
    "model": "admin.logentry",
    "pk": 236,
    "fields": {
      "action_time": "2023-05-14T18:30:14.981Z",
      "user": 1,
      "content_type": 13,
      "object_id": "1",
      "object_repr": "Беспроводные накладные наушники Sony Wh1000xm4b.e Black",
      "action_flag": 2,
      "change_message": "[{\"added\": {\"name\": \"\\u0418\\u0437\\u043e\\u0431\\u0440\\u0430\\u0436\\u0435\\u043d\\u0438\\u0435 \\u0442\\u043e\\u0432\\u0430\\u0440\\u0430\", \"object\": \"Sony-WH-1000XM4\"}}, {\"added\": {\"name\": \"\\u0418\\u0437\\u043e\\u0431\\u0440\\u0430\\u0436\\u0435\\u043d\\u0438\\u0435 \\u0442\\u043e\\u0432\\u0430\\u0440\\u0430\", \"object\": \"Sony-WH-1000XM4\"}}, {\"added\": {\"name\": \"\\u0418\\u0437\\u043e\\u0431\\u0440\\u0430\\u0436\\u0435\\u043d\\u0438\\u0435 \\u0442\\u043e\\u0432\\u0430\\u0440\\u0430\", \"object\": \"Sony-WH-1000XM4\"}}]"
    }
  },
  {
    "model": "admin.logentry",
    "pk": 237,
    "fields": {
      "action_time": "2023-05-14T18:35:46.741Z",
      "user": 1,
      "content_type": 13,
      "object_id": "6",
      "object_repr": "Умная колонка Яндекс Станция Мини с часами с Алисой, черный оникс, 10Вт",
      "action_flag": 2,
      "change_message": "[{\"added\": {\"name\": \"\\u0418\\u0437\\u043e\\u0431\\u0440\\u0430\\u0436\\u0435\\u043d\\u0438\\u0435 \\u0442\\u043e\\u0432\\u0430\\u0440\\u0430\", \"object\": \"\\u042f\\u043d\\u0434\\u0435\\u043a\\u0441 \\u0421\\u0442\\u0430\\u043d\\u0446\\u0438\\u044f \\u041c\\u0438\\u043d\\u0438\"}}, {\"added\": {\"name\": \"\\u0418\\u0437\\u043e\\u0431\\u0440\\u0430\\u0436\\u0435\\u043d\\u0438\\u0435 \\u0442\\u043e\\u0432\\u0430\\u0440\\u0430\", \"object\": \"\\u042f\\u043d\\u0434\\u0435\\u043a\\u0441 \\u0421\\u0442\\u0430\\u043d\\u0446\\u0438\\u044f \\u041c\\u0438\\u043d\\u0438\"}}, {\"added\": {\"name\": \"\\u0418\\u0437\\u043e\\u0431\\u0440\\u0430\\u0436\\u0435\\u043d\\u0438\\u0435 \\u0442\\u043e\\u0432\\u0430\\u0440\\u0430\", \"object\": \"\\u042f\\u043d\\u0434\\u0435\\u043a\\u0441 \\u0421\\u0442\\u0430\\u043d\\u0446\\u0438\\u044f \\u041c\\u0438\\u043d\\u0438\"}}, {\"added\": {\"name\": \"\\u0418\\u0437\\u043e\\u0431\\u0440\\u0430\\u0436\\u0435\\u043d\\u0438\\u0435 \\u0442\\u043e\\u0432\\u0430\\u0440\\u0430\", \"object\": \"\\u042f\\u043d\\u0434\\u0435\\u043a\\u0441 \\u0421\\u0442\\u0430\\u043d\\u0446\\u0438\\u044f \\u041c\\u0438\\u043d\\u0438\"}}]"
    }
  },
  {
    "model": "admin.logentry",
    "pk": 238,
    "fields": {
      "action_time": "2023-05-14T18:37:35.756Z",
      "user": 1,
      "content_type": 13,
      "object_id": "18",
      "object_repr": "50\" Телевизор Xiaomi TV A2 50 LED, HDR RU, черный",
      "action_flag": 2,
      "change_message": "[{\"added\": {\"name\": \"\\u0418\\u0437\\u043e\\u0431\\u0440\\u0430\\u0436\\u0435\\u043d\\u0438\\u0435 \\u0442\\u043e\\u0432\\u0430\\u0440\\u0430\", \"object\": \"Xiaomi TV A2 50\"}}, {\"added\": {\"name\": \"\\u0418\\u0437\\u043e\\u0431\\u0440\\u0430\\u0436\\u0435\\u043d\\u0438\\u0435 \\u0442\\u043e\\u0432\\u0430\\u0440\\u0430\", \"object\": \"Xiaomi TV A2 50\"}}, {\"added\": {\"name\": \"\\u0418\\u0437\\u043e\\u0431\\u0440\\u0430\\u0436\\u0435\\u043d\\u0438\\u0435 \\u0442\\u043e\\u0432\\u0430\\u0440\\u0430\", \"object\": \"Xiaomi TV A2 50\"}}]"
    }
  },
  {
    "model": "admin.logentry",
    "pk": 239,
    "fields": {
      "action_time": "2023-05-14T18:39:32.719Z",
      "user": 1,
      "content_type": 13,
      "object_id": "17",
      "object_repr": "50” Телевизор Tuvio 4K ULTRA HD DLED на платформе Яндекс.ТВ, STV-50FDUBK1R, черный",
      "action_flag": 2,
      "change_message": "[{\"added\": {\"name\": \"\\u0418\\u0437\\u043e\\u0431\\u0440\\u0430\\u0436\\u0435\\u043d\\u0438\\u0435 \\u0442\\u043e\\u0432\\u0430\\u0440\\u0430\", \"object\": \"Tuvio 4K ULTRA\"}}, {\"added\": {\"name\": \"\\u0418\\u0437\\u043e\\u0431\\u0440\\u0430\\u0436\\u0435\\u043d\\u0438\\u0435 \\u0442\\u043e\\u0432\\u0430\\u0440\\u0430\", \"object\": \"Tuvio 4K ULTRA\"}}]"
    }
  },
  {
    "model": "admin.logentry",
    "pk": 240,
    "fields": {
      "action_time": "2023-05-14T18:41:10.872Z",
      "user": 1,
      "content_type": 13,
      "object_id": "16",
      "object_repr": "Микроволновая печь LG MS2042DB, черный",
      "action_flag": 2,
      "change_message": "[{\"added\": {\"name\": \"\\u0418\\u0437\\u043e\\u0431\\u0440\\u0430\\u0436\\u0435\\u043d\\u0438\\u0435 \\u0442\\u043e\\u0432\\u0430\\u0440\\u0430\", \"object\": \"LG MS2042DB\"}}, {\"added\": {\"name\": \"\\u0418\\u0437\\u043e\\u0431\\u0440\\u0430\\u0436\\u0435\\u043d\\u0438\\u0435 \\u0442\\u043e\\u0432\\u0430\\u0440\\u0430\", \"object\": \"LG MS2042DB\"}}]"
    }
  },
  {
    "model": "admin.logentry",
    "pk": 241,
    "fields": {
      "action_time": "2023-05-14T18:42:24.824Z",
      "user": 1,
      "content_type": 13,
      "object_id": "15",
      "object_repr": "Микроволновая печь Tuvio MS7M20WE1, белый",
      "action_flag": 2,
      "change_message": "[{\"added\": {\"name\": \"\\u0418\\u0437\\u043e\\u0431\\u0440\\u0430\\u0436\\u0435\\u043d\\u0438\\u0435 \\u0442\\u043e\\u0432\\u0430\\u0440\\u0430\", \"object\": \"Tuvio MS7M20WE1\"}}, {\"added\": {\"name\": \"\\u0418\\u0437\\u043e\\u0431\\u0440\\u0430\\u0436\\u0435\\u043d\\u0438\\u0435 \\u0442\\u043e\\u0432\\u0430\\u0440\\u0430\", \"object\": \"Tuvio MS7M20WE1\"}}]"
    }
  },
  {
    "model": "admin.logentry",
    "pk": 242,
    "fields": {
      "action_time": "2023-05-14T18:44:38.379Z",
      "user": 1,
      "content_type": 13,
      "object_id": "14",
      "object_repr": "Холодильник Бирюса 70, белый",
      "action_flag": 2,
      "change_message": "[{\"added\": {\"name\": \"\\u0418\\u0437\\u043e\\u0431\\u0440\\u0430\\u0436\\u0435\\u043d\\u0438\\u0435 \\u0442\\u043e\\u0432\\u0430\\u0440\\u0430\", \"object\": \"\\u0425\\u043e\\u043b\\u043e\\u0434\\u0438\\u043b\\u044c\\u043d\\u0438\\u043a \\u0411\\u0438\\u0440\\u044e\\u0441\\u0430 70\"}}, {\"added\": {\"name\": \"\\u0418\\u0437\\u043e\\u0431\\u0440\\u0430\\u0436\\u0435\\u043d\\u0438\\u0435 \\u0442\\u043e\\u0432\\u0430\\u0440\\u0430\", \"object\": \"\\u0425\\u043e\\u043b\\u043e\\u0434\\u0438\\u043b\\u044c\\u043d\\u0438\\u043a \\u0411\\u0438\\u0440\\u044e\\u0441\\u0430 70\"}}, {\"added\": {\"name\": \"\\u0418\\u0437\\u043e\\u0431\\u0440\\u0430\\u0436\\u0435\\u043d\\u0438\\u0435 \\u0442\\u043e\\u0432\\u0430\\u0440\\u0430\", \"object\": \"\\u0425\\u043e\\u043b\\u043e\\u0434\\u0438\\u043b\\u044c\\u043d\\u0438\\u043a \\u0411\\u0438\\u0440\\u044e\\u0441\\u0430 70\"}}]"
    }
  },
  {
    "model": "admin.logentry",
    "pk": 243,
    "fields": {
      "action_time": "2023-05-14T18:46:17.355Z",
      "user": 1,
      "content_type": 13,
      "object_id": "12",
      "object_repr": "Холодильник Midea MDRD86SLF01 Ретро",
      "action_flag": 2,
      "change_message": "[{\"added\": {\"name\": \"\\u0418\\u0437\\u043e\\u0431\\u0440\\u0430\\u0436\\u0435\\u043d\\u0438\\u0435 \\u0442\\u043e\\u0432\\u0430\\u0440\\u0430\", \"object\": \"\\u0425\\u043e\\u043b\\u043e\\u0434\\u0438\\u043b\\u044c\\u043d\\u0438\\u043a Midea MDRD86SLF01 \\u0420\\u0435\\u0442\\u0440\\u043e\"}}, {\"added\": {\"name\": \"\\u0418\\u0437\\u043e\\u0431\\u0440\\u0430\\u0436\\u0435\\u043d\\u0438\\u0435 \\u0442\\u043e\\u0432\\u0430\\u0440\\u0430\", \"object\": \"\\u0425\\u043e\\u043b\\u043e\\u0434\\u0438\\u043b\\u044c\\u043d\\u0438\\u043a Midea MDRD86SLF01 \\u0420\\u0435\\u0442\\u0440\\u043e\"}}, {\"added\": {\"name\": \"\\u0418\\u0437\\u043e\\u0431\\u0440\\u0430\\u0436\\u0435\\u043d\\u0438\\u0435 \\u0442\\u043e\\u0432\\u0430\\u0440\\u0430\", \"object\": \"\\u0425\\u043e\\u043b\\u043e\\u0434\\u0438\\u043b\\u044c\\u043d\\u0438\\u043a Midea MDRD86SLF01 \\u0420\\u0435\\u0442\\u0440\\u043e\"}}]"
    }
  },
  {
    "model": "admin.logentry",
    "pk": 244,
    "fields": {
      "action_time": "2023-05-14T18:47:36.755Z",
      "user": 1,
      "content_type": 13,
      "object_id": "11",
      "object_repr": "Холодильник Weissgauff WRK 2000 X Full NoFrost, нержавеющая сталь",
      "action_flag": 2,
      "change_message": "[{\"added\": {\"name\": \"\\u0418\\u0437\\u043e\\u0431\\u0440\\u0430\\u0436\\u0435\\u043d\\u0438\\u0435 \\u0442\\u043e\\u0432\\u0430\\u0440\\u0430\", \"object\": \"\\u0425\\u043e\\u043b\\u043e\\u0434\\u0438\\u043b\\u044c\\u043d\\u0438\\u043a Weissgauff WRK 2000\"}}, {\"added\": {\"name\": \"\\u0418\\u0437\\u043e\\u0431\\u0440\\u0430\\u0436\\u0435\\u043d\\u0438\\u0435 \\u0442\\u043e\\u0432\\u0430\\u0440\\u0430\", \"object\": \"\\u0425\\u043e\\u043b\\u043e\\u0434\\u0438\\u043b\\u044c\\u043d\\u0438\\u043a Weissgauff WRK 2000\"}}, {\"added\": {\"name\": \"\\u0418\\u0437\\u043e\\u0431\\u0440\\u0430\\u0436\\u0435\\u043d\\u0438\\u0435 \\u0442\\u043e\\u0432\\u0430\\u0440\\u0430\", \"object\": \"\\u0425\\u043e\\u043b\\u043e\\u0434\\u0438\\u043b\\u044c\\u043d\\u0438\\u043a Weissgauff WRK 2000\"}}]"
    }
  },
  {
    "model": "admin.logentry",
    "pk": 245,
    "fields": {
      "action_time": "2023-05-14T18:48:26.190Z",
      "user": 1,
      "content_type": 13,
      "object_id": "10",
      "object_repr": "Микроволновая печь Tuvio MS8S20SM1, серый/серебристый",
      "action_flag": 2,
      "change_message": "[{\"added\": {\"name\": \"\\u0418\\u0437\\u043e\\u0431\\u0440\\u0430\\u0436\\u0435\\u043d\\u0438\\u0435 \\u0442\\u043e\\u0432\\u0430\\u0440\\u0430\", \"object\": \"\\u041c\\u0438\\u043a\\u0440\\u043e\\u0432\\u043e\\u043b\\u043d\\u043e\\u0432\\u0430\\u044f \\u043f\\u0435\\u0447\\u044c Tuvio MS8S20SM1\"}}, {\"added\": {\"name\": \"\\u0418\\u0437\\u043e\\u0431\\u0440\\u0430\\u0436\\u0435\\u043d\\u0438\\u0435 \\u0442\\u043e\\u0432\\u0430\\u0440\\u0430\", \"object\": \"\\u041c\\u0438\\u043a\\u0440\\u043e\\u0432\\u043e\\u043b\\u043d\\u043e\\u0432\\u0430\\u044f \\u043f\\u0435\\u0447\\u044c Tuvio MS8S20SM1\"}}]"
    }
  },
  {
    "model": "admin.logentry",
    "pk": 246,
    "fields": {
      "action_time": "2023-05-14T18:49:45.245Z",
      "user": 1,
      "content_type": 13,
      "object_id": "9",
      "object_repr": "Чехол силиконовый Deppa для AirPods Pro 2 (D-47340) 1.3мм с ремешком Черный",
      "action_flag": 2,
      "change_message": "[{\"added\": {\"name\": \"\\u0418\\u0437\\u043e\\u0431\\u0440\\u0430\\u0436\\u0435\\u043d\\u0438\\u0435 \\u0442\\u043e\\u0432\\u0430\\u0440\\u0430\", \"object\": \"\\u0435\\u0445\\u043e\\u043b \\u0441\\u0438\\u043b\\u0438\\u043a\\u043e\\u043d\\u043e\\u0432\\u044b\\u0439 Deppa \\u0434\\u043b\\u044f AirPods Pro 2\"}}, {\"added\": {\"name\": \"\\u0418\\u0437\\u043e\\u0431\\u0440\\u0430\\u0436\\u0435\\u043d\\u0438\\u0435 \\u0442\\u043e\\u0432\\u0430\\u0440\\u0430\", \"object\": \"\\u0435\\u0445\\u043e\\u043b \\u0441\\u0438\\u043b\\u0438\\u043a\\u043e\\u043d\\u043e\\u0432\\u044b\\u0439 Deppa \\u0434\\u043b\\u044f AirPods Pro 2\"}}, {\"added\": {\"name\": \"\\u0418\\u0437\\u043e\\u0431\\u0440\\u0430\\u0436\\u0435\\u043d\\u0438\\u0435 \\u0442\\u043e\\u0432\\u0430\\u0440\\u0430\", \"object\": \"\\u0435\\u0445\\u043e\\u043b \\u0441\\u0438\\u043b\\u0438\\u043a\\u043e\\u043d\\u043e\\u0432\\u044b\\u0439 Deppa \\u0434\\u043b\\u044f AirPods Pro 2\"}}]"
    }
  },
  {
    "model": "admin.logentry",
    "pk": 247,
    "fields": {
      "action_time": "2023-05-14T18:50:49.582Z",
      "user": 1,
      "content_type": 13,
      "object_id": "8",
      "object_repr": "Умный пульт Yandex SmartControl",
      "action_flag": 2,
      "change_message": "[{\"added\": {\"name\": \"\\u0418\\u0437\\u043e\\u0431\\u0440\\u0430\\u0436\\u0435\\u043d\\u0438\\u0435 \\u0442\\u043e\\u0432\\u0430\\u0440\\u0430\", \"object\": \"\\u0423\\u043c\\u043d\\u044b\\u0439 \\u043f\\u0443\\u043b\\u044c\\u0442 Yandex SmartControl\"}}, {\"added\": {\"name\": \"\\u0418\\u0437\\u043e\\u0431\\u0440\\u0430\\u0436\\u0435\\u043d\\u0438\\u0435 \\u0442\\u043e\\u0432\\u0430\\u0440\\u0430\", \"object\": \"\\u0423\\u043c\\u043d\\u044b\\u0439 \\u043f\\u0443\\u043b\\u044c\\u0442 Yandex SmartControl\"}}, {\"added\": {\"name\": \"\\u0418\\u0437\\u043e\\u0431\\u0440\\u0430\\u0436\\u0435\\u043d\\u0438\\u0435 \\u0442\\u043e\\u0432\\u0430\\u0440\\u0430\", \"object\": \"\\u0423\\u043c\\u043d\\u044b\\u0439 \\u043f\\u0443\\u043b\\u044c\\u0442 Yandex SmartControl\"}}, {\"added\": {\"name\": \"\\u0418\\u0437\\u043e\\u0431\\u0440\\u0430\\u0436\\u0435\\u043d\\u0438\\u0435 \\u0442\\u043e\\u0432\\u0430\\u0440\\u0430\", \"object\": \"\\u0423\\u043c\\u043d\\u044b\\u0439 \\u043f\\u0443\\u043b\\u044c\\u0442 Yandex SmartControl\"}}]"
    }
  },
  {
    "model": "admin.logentry",
    "pk": 248,
    "fields": {
      "action_time": "2023-05-14T18:53:13.378Z",
      "user": 1,
      "content_type": 14,
      "object_id": "13",
      "object_repr": "Deppa",
      "action_flag": 1,
      "change_message": "[{\"added\": {}}]"
    }
  },
  {
    "model": "admin.logentry",
    "pk": 249,
    "fields": {
      "action_time": "2023-05-14T18:53:18.412Z",
      "user": 1,
      "content_type": 13,
      "object_id": "9",
      "object_repr": "Чехол силиконовый Deppa для AirPods Pro 2 (D-47340) 1.3мм с ремешком Черный",
      "action_flag": 2,
      "change_message": "[{\"changed\": {\"fields\": [\"\\u0422\\u0435\\u0433\\u0438\"]}}]"
    }
  },
  {
    "model": "admin.logentry",
    "pk": 250,
    "fields": {
      "action_time": "2023-05-14T19:00:12.062Z",
      "user": 1,
      "content_type": 13,
      "object_id": "19",
      "object_repr": "Смартфон Xiaomi 13 12/256 ГБ Global, Dual nano SIM, черный",
      "action_flag": 1,
      "change_message": "[{\"added\": {}}, {\"added\": {\"name\": \"\\u0418\\u0437\\u043e\\u0431\\u0440\\u0430\\u0436\\u0435\\u043d\\u0438\\u0435 \\u0442\\u043e\\u0432\\u0430\\u0440\\u0430\", \"object\": \"\\u0421\\u043c\\u0430\\u0440\\u0442\\u0444\\u043e\\u043d Xiaomi 13\"}}, {\"added\": {\"name\": \"\\u0418\\u0437\\u043e\\u0431\\u0440\\u0430\\u0436\\u0435\\u043d\\u0438\\u0435 \\u0442\\u043e\\u0432\\u0430\\u0440\\u0430\", \"object\": \"\\u0421\\u043c\\u0430\\u0440\\u0442\\u0444\\u043e\\u043d Xiaomi 13\"}}, {\"added\": {\"name\": \"\\u0418\\u0437\\u043e\\u0431\\u0440\\u0430\\u0436\\u0435\\u043d\\u0438\\u0435 \\u0442\\u043e\\u0432\\u0430\\u0440\\u0430\", \"object\": \"\\u0421\\u043c\\u0430\\u0440\\u0442\\u0444\\u043e\\u043d Xiaomi 13\"}}, {\"added\": {\"name\": \"\\u0418\\u0437\\u043e\\u0431\\u0440\\u0430\\u0436\\u0435\\u043d\\u0438\\u0435 \\u0442\\u043e\\u0432\\u0430\\u0440\\u0430\", \"object\": \"\\u0421\\u043c\\u0430\\u0440\\u0442\\u0444\\u043e\\u043d Xiaomi 13\"}}, {\"added\": {\"name\": \"\\u0418\\u0437\\u043e\\u0431\\u0440\\u0430\\u0436\\u0435\\u043d\\u0438\\u0435 \\u0442\\u043e\\u0432\\u0430\\u0440\\u0430\", \"object\": \"\\u0421\\u043c\\u0430\\u0440\\u0442\\u0444\\u043e\\u043d Xiaomi 13\"}}, {\"added\": {\"name\": \"\\u0418\\u0437\\u043e\\u0431\\u0440\\u0430\\u0436\\u0435\\u043d\\u0438\\u0435 \\u0442\\u043e\\u0432\\u0430\\u0440\\u0430\", \"object\": \"\\u0421\\u043c\\u0430\\u0440\\u0442\\u0444\\u043e\\u043d Xiaomi 13\"}}]"
    }
  },
  {
    "model": "admin.logentry",
    "pk": 251,
    "fields": {
      "action_time": "2023-05-14T19:00:53.780Z",
      "user": 1,
      "content_type": 14,
      "object_id": "14",
      "object_repr": "Nothing",
      "action_flag": 1,
      "change_message": "[{\"added\": {}}]"
    }
  },
  {
    "model": "admin.logentry",
    "pk": 252,
    "fields": {
      "action_time": "2023-05-14T19:04:45.521Z",
      "user": 1,
      "content_type": 13,
      "object_id": "20",
      "object_repr": "Смартфон Nothing Phone (1) 8/256 ГБ, Dual nano SIM, черный",
      "action_flag": 1,
      "change_message": "[{\"added\": {}}, {\"added\": {\"name\": \"\\u0418\\u0437\\u043e\\u0431\\u0440\\u0430\\u0436\\u0435\\u043d\\u0438\\u0435 \\u0442\\u043e\\u0432\\u0430\\u0440\\u0430\", \"object\": \"\\u0421\\u043c\\u0430\\u0440\\u0442\\u0444\\u043e\\u043d Nothing Phone\"}}, {\"added\": {\"name\": \"\\u0418\\u0437\\u043e\\u0431\\u0440\\u0430\\u0436\\u0435\\u043d\\u0438\\u0435 \\u0442\\u043e\\u0432\\u0430\\u0440\\u0430\", \"object\": \"\\u0421\\u043c\\u0430\\u0440\\u0442\\u0444\\u043e\\u043d Nothing Phone\"}}, {\"added\": {\"name\": \"\\u0418\\u0437\\u043e\\u0431\\u0440\\u0430\\u0436\\u0435\\u043d\\u0438\\u0435 \\u0442\\u043e\\u0432\\u0430\\u0440\\u0430\", \"object\": \"\\u0421\\u043c\\u0430\\u0440\\u0442\\u0444\\u043e\\u043d Nothing Phone\"}}]"
    }
  },
  {
    "model": "admin.logentry",
    "pk": 253,
    "fields": {
      "action_time": "2023-05-14T19:06:13.034Z",
      "user": 1,
      "content_type": 14,
      "object_id": "15",
      "object_repr": "Samsung",
      "action_flag": 1,
      "change_message": "[{\"added\": {}}]"
    }
  },
  {
    "model": "admin.logentry",
    "pk": 254,
    "fields": {
      "action_time": "2023-05-14T19:09:28.159Z",
      "user": 1,
      "content_type": 13,
      "object_id": "21",
      "object_repr": "Смартфон Samsung Galaxy A33 5G 8/128 ГБ, Dual nano SIM, белый",
      "action_flag": 1,
      "change_message": "[{\"added\": {}}, {\"added\": {\"name\": \"\\u0418\\u0437\\u043e\\u0431\\u0440\\u0430\\u0436\\u0435\\u043d\\u0438\\u0435 \\u0442\\u043e\\u0432\\u0430\\u0440\\u0430\", \"object\": \"Samsung Galaxy A33\"}}, {\"added\": {\"name\": \"\\u0418\\u0437\\u043e\\u0431\\u0440\\u0430\\u0436\\u0435\\u043d\\u0438\\u0435 \\u0442\\u043e\\u0432\\u0430\\u0440\\u0430\", \"object\": \"Samsung Galaxy A33\"}}, {\"added\": {\"name\": \"\\u0418\\u0437\\u043e\\u0431\\u0440\\u0430\\u0436\\u0435\\u043d\\u0438\\u0435 \\u0442\\u043e\\u0432\\u0430\\u0440\\u0430\", \"object\": \"Samsung Galaxy A33\"}}, {\"added\": {\"name\": \"\\u0418\\u0437\\u043e\\u0431\\u0440\\u0430\\u0436\\u0435\\u043d\\u0438\\u0435 \\u0442\\u043e\\u0432\\u0430\\u0440\\u0430\", \"object\": \"Samsung Galaxy A33\"}}, {\"added\": {\"name\": \"\\u0418\\u0437\\u043e\\u0431\\u0440\\u0430\\u0436\\u0435\\u043d\\u0438\\u0435 \\u0442\\u043e\\u0432\\u0430\\u0440\\u0430\", \"object\": \"Samsung Galaxy A33\"}}, {\"added\": {\"name\": \"\\u0418\\u0437\\u043e\\u0431\\u0440\\u0430\\u0436\\u0435\\u043d\\u0438\\u0435 \\u0442\\u043e\\u0432\\u0430\\u0440\\u0430\", \"object\": \"Samsung Galaxy A33\"}}]"
    }
  },
  {
    "model": "admin.logentry",
    "pk": 255,
    "fields": {
      "action_time": "2023-05-14T19:18:53.521Z",
      "user": 1,
      "content_type": 13,
      "object_id": "22",
      "object_repr": "Смартфон Apple iPhone 14 Pro Max 128 ГБ, Dual: nano SIM + eSIM, глубокий фиолетовый",
      "action_flag": 1,
      "change_message": "[{\"added\": {}}, {\"added\": {\"name\": \"\\u0418\\u0437\\u043e\\u0431\\u0440\\u0430\\u0436\\u0435\\u043d\\u0438\\u0435 \\u0442\\u043e\\u0432\\u0430\\u0440\\u0430\", \"object\": \"Apple iPhone 14 Pro Max\"}}, {\"added\": {\"name\": \"\\u0418\\u0437\\u043e\\u0431\\u0440\\u0430\\u0436\\u0435\\u043d\\u0438\\u0435 \\u0442\\u043e\\u0432\\u0430\\u0440\\u0430\", \"object\": \"Apple iPhone 14 Pro Max\"}}, {\"added\": {\"name\": \"\\u0418\\u0437\\u043e\\u0431\\u0440\\u0430\\u0436\\u0435\\u043d\\u0438\\u0435 \\u0442\\u043e\\u0432\\u0430\\u0440\\u0430\", \"object\": \"Apple iPhone 14 Pro Max\"}}, {\"added\": {\"name\": \"\\u0418\\u0437\\u043e\\u0431\\u0440\\u0430\\u0436\\u0435\\u043d\\u0438\\u0435 \\u0442\\u043e\\u0432\\u0430\\u0440\\u0430\", \"object\": \"Apple iPhone 14 Pro Max\"}}, {\"added\": {\"name\": \"\\u0418\\u0437\\u043e\\u0431\\u0440\\u0430\\u0436\\u0435\\u043d\\u0438\\u0435 \\u0442\\u043e\\u0432\\u0430\\u0440\\u0430\", \"object\": \"Apple iPhone 14 Pro Max\"}}]"
    }
  },
  {
    "model": "admin.logentry",
    "pk": 256,
    "fields": {
      "action_time": "2023-05-15T20:13:47.845Z",
      "user": 1,
      "content_type": 13,
      "object_id": "7",
      "object_repr": "Умная розетка Яндекс с Алисой, черный",
      "action_flag": 2,
      "change_message": "[{\"added\": {\"name\": \"\\u041e\\u0442\\u0437\\u044b\\u0432 \\u043e \\u0442\\u043e\\u0432\\u0430\\u0440\\u0435\", \"object\": \"\\u0423\\u043c\\u043d\\u0430\\u044f \\u0440\\u043e\\u0437\\u0435\\u0442\\u043a\\u0430 \\u042f\\u043d\\u0434\\u0435\\u043a\\u0441 \\u0441 \\u0410\\u043b\\u0438\\u0441\\u043e\\u0439, \\u0447\\u0435\\u0440\\u043d\\u044b\\u0439\"}}, {\"added\": {\"name\": \"\\u041e\\u0442\\u0437\\u044b\\u0432 \\u043e \\u0442\\u043e\\u0432\\u0430\\u0440\\u0435\", \"object\": \"\\u0423\\u043c\\u043d\\u0430\\u044f \\u0440\\u043e\\u0437\\u0435\\u0442\\u043a\\u0430 \\u042f\\u043d\\u0434\\u0435\\u043a\\u0441 \\u0441 \\u0410\\u043b\\u0438\\u0441\\u043e\\u0439, \\u0447\\u0435\\u0440\\u043d\\u044b\\u0439\"}}]"
    }
  },
  {
    "model": "admin.logentry",
    "pk": 257,
    "fields": {
      "action_time": "2023-05-21T16:11:56.327Z",
      "user": 1,
      "content_type": 15,
      "object_id": "1",
      "object_repr": "Корзина покупателя: Стафеев Дмитрий Олегович",
      "action_flag": 3,
      "change_message": ""
    }
  },
  {
    "model": "admin.logentry",
    "pk": 258,
    "fields": {
      "action_time": "2023-05-21T16:15:08.871Z",
      "user": 1,
      "content_type": 15,
      "object_id": "3",
      "object_repr": "Корзина покупателя: Стафеев Дмитрий Олегович",
      "action_flag": 3,
      "change_message": ""
    }
  },
  {
    "model": "admin.logentry",
    "pk": 259,
    "fields": {
      "action_time": "2023-05-21T16:15:48.629Z",
      "user": 1,
      "content_type": 15,
      "object_id": "4",
      "object_repr": "Корзина покупателя: Стафеев Дмитрий Олегович",
      "action_flag": 3,
      "change_message": ""
    }
  },
  {
    "model": "admin.logentry",
    "pk": 260,
    "fields": {
      "action_time": "2023-05-21T16:32:42.750Z",
      "user": 1,
      "content_type": 15,
      "object_id": "5",
      "object_repr": "Корзина покупателя: Стафеев Дмитрий Олегович",
      "action_flag": 3,
      "change_message": ""
    }
  },
  {
    "model": "admin.logentry",
    "pk": 261,
    "fields": {
      "action_time": "2023-05-21T17:02:55.025Z",
      "user": 1,
      "content_type": 15,
      "object_id": "7",
      "object_repr": "Корзина покупателя: Стафеев Дмитрий Олегович",
      "action_flag": 3,
      "change_message": ""
    }
  },
  {
    "model": "admin.logentry",
    "pk": 262,
    "fields": {
      "action_time": "2023-05-27T17:59:15.623Z",
      "user": 1,
      "content_type": 15,
      "object_id": "15",
      "object_repr": "Корзина покупателя: Стафеев Дмитрий Олегович",
      "action_flag": 3,
      "change_message": ""
    }
  },
  {
    "model": "admin.logentry",
    "pk": 263,
    "fields": {
      "action_time": "2023-05-27T17:59:29.882Z",
      "user": 1,
      "content_type": 15,
      "object_id": "10",
      "object_repr": "Корзина покупателя: Стафеев Дмитрий Олегович",
      "action_flag": 3,
      "change_message": ""
    }
  },
  {
    "model": "admin.logentry",
    "pk": 264,
    "fields": {
      "action_time": "2023-05-27T18:00:01.862Z",
      "user": 1,
      "content_type": 15,
      "object_id": "16",
      "object_repr": "Корзина покупателя: Стафеев Дмитрий Олегович",
      "action_flag": 3,
      "change_message": ""
    }
  },
  {
    "model": "admin.logentry",
    "pk": 265,
    "fields": {
      "action_time": "2023-05-27T18:01:20.113Z",
      "user": 1,
      "content_type": 15,
      "object_id": "17",
      "object_repr": "Корзина покупателя: Стафеев Дмитрий Олегович",
      "action_flag": 3,
      "change_message": ""
    }
  },
  {
    "model": "admin.logentry",
    "pk": 266,
    "fields": {
      "action_time": "2023-05-27T18:01:31.779Z",
      "user": 1,
      "content_type": 15,
      "object_id": "14",
      "object_repr": "Корзина покупателя: Стафеев Дмитрий Олегович",
      "action_flag": 3,
      "change_message": ""
    }
  },
  {
    "model": "admin.logentry",
    "pk": 267,
    "fields": {
      "action_time": "2023-05-27T18:01:31.795Z",
      "user": 1,
      "content_type": 15,
      "object_id": "13",
      "object_repr": "Корзина покупателя: Стафеев Дмитрий Олегович",
      "action_flag": 3,
      "change_message": ""
    }
  },
  {
    "model": "admin.logentry",
    "pk": 268,
    "fields": {
      "action_time": "2023-05-27T18:01:31.795Z",
      "user": 1,
      "content_type": 15,
      "object_id": "12",
      "object_repr": "Корзина покупателя: Стафеев Дмитрий Олегович",
      "action_flag": 3,
      "change_message": ""
    }
  },
  {
    "model": "admin.logentry",
    "pk": 269,
    "fields": {
      "action_time": "2023-05-27T18:01:31.809Z",
      "user": 1,
      "content_type": 15,
      "object_id": "11",
      "object_repr": "Корзина покупателя: Стафеев Дмитрий Олегович",
      "action_flag": 3,
      "change_message": ""
    }
  },
  {
    "model": "admin.logentry",
    "pk": 270,
    "fields": {
      "action_time": "2023-05-27T18:01:31.815Z",
      "user": 1,
      "content_type": 15,
      "object_id": "9",
      "object_repr": "Корзина покупателя: Стафеев Дмитрий Олегович",
      "action_flag": 3,
      "change_message": ""
    }
  },
  {
    "model": "admin.logentry",
    "pk": 271,
    "fields": {
      "action_time": "2023-05-27T18:01:31.819Z",
      "user": 1,
      "content_type": 15,
      "object_id": "8",
      "object_repr": "Корзина покупателя: Стафеев Дмитрий Олегович",
      "action_flag": 3,
      "change_message": ""
    }
  },
  {
    "model": "admin.logentry",
    "pk": 272,
    "fields": {
      "action_time": "2023-05-27T18:01:31.821Z",
      "user": 1,
      "content_type": 15,
      "object_id": "6",
      "object_repr": "Корзина покупателя: Стафеев Дмитрий Олегович",
      "action_flag": 3,
      "change_message": ""
    }
  },
  {
    "model": "admin.logentry",
    "pk": 273,
    "fields": {
      "action_time": "2023-05-27T18:01:31.828Z",
      "user": 1,
      "content_type": 15,
      "object_id": "2",
      "object_repr": "Корзина покупателя: Стафеев Дмитрий Олегович",
      "action_flag": 3,
      "change_message": ""
    }
  },
  {
    "model": "admin.logentry",
    "pk": 274,
    "fields": {
      "action_time": "2023-05-27T18:15:48.834Z",
      "user": 1,
      "content_type": 15,
      "object_id": "18",
      "object_repr": "Корзина покупателя: Стафеев Дмитрий Олегович",
      "action_flag": 3,
      "change_message": ""
    }
  },
  {
    "model": "admin.logentry",
    "pk": 275,
    "fields": {
      "action_time": "2023-05-27T18:48:10.948Z",
      "user": 1,
      "content_type": 15,
      "object_id": "4",
      "object_repr": "Корзина покупателя: Стафеев Дмитрий Олегович",
      "action_flag": 3,
      "change_message": ""
    }
  },
  {
    "model": "admin.logentry",
    "pk": 276,
    "fields": {
      "action_time": "2023-05-27T18:52:12.214Z",
      "user": 1,
      "content_type": 15,
      "object_id": "5",
      "object_repr": "Корзина покупателя: Стафеев Дмитрий Олегович",
      "action_flag": 3,
      "change_message": ""
    }
  },
  {
    "model": "admin.logentry",
    "pk": 277,
    "fields": {
      "action_time": "2023-05-28T08:32:25.404Z",
      "user": 1,
      "content_type": 15,
      "object_id": "6",
      "object_repr": "Корзина покупателя: Стафеев Дмитрий Олегович",
      "action_flag": 3,
      "change_message": ""
    }
  },
  {
    "model": "admin.logentry",
    "pk": 278,
    "fields": {
      "action_time": "2023-05-28T08:58:55.021Z",
      "user": 1,
      "content_type": 15,
      "object_id": "3",
      "object_repr": "Корзина покупателя: Стафеев Дмитрий Олегович",
      "action_flag": 3,
      "change_message": ""
    }
  },
  {
    "model": "admin.logentry",
    "pk": 279,
    "fields": {
      "action_time": "2023-05-28T08:58:55.043Z",
      "user": 1,
      "content_type": 15,
      "object_id": "2",
      "object_repr": "Корзина покупателя: Стафеев Дмитрий Олегович",
      "action_flag": 3,
      "change_message": ""
    }
  },
  {
    "model": "admin.logentry",
    "pk": 280,
    "fields": {
      "action_time": "2023-05-28T08:58:55.049Z",
      "user": 1,
      "content_type": 15,
      "object_id": "1",
      "object_repr": "Корзина покупателя: Стафеев Дмитрий Олегович",
      "action_flag": 3,
      "change_message": ""
    }
  },
  {
    "model": "admin.logentry",
    "pk": 281,
    "fields": {
      "action_time": "2023-05-28T08:59:01.958Z",
      "user": 1,
      "content_type": 15,
      "object_id": "8",
      "object_repr": "Корзина покупателя: Стафеев Дмитрий Олегович",
      "action_flag": 3,
      "change_message": ""
    }
  },
  {
    "model": "admin.logentry",
    "pk": 282,
    "fields": {
      "action_time": "2023-05-28T08:59:01.981Z",
      "user": 1,
      "content_type": 15,
      "object_id": "7",
      "object_repr": "Корзина покупателя: Стафеев Дмитрий Олегович",
      "action_flag": 3,
      "change_message": ""
    }
  },
  {
    "model": "admin.logentry",
    "pk": 283,
    "fields": {
      "action_time": "2023-05-28T09:10:54.477Z",
      "user": 1,
      "content_type": 15,
      "object_id": "10",
      "object_repr": "Корзина покупателя: Стафеев Дмитрий Олегович",
      "action_flag": 3,
      "change_message": ""
    }
  },
  {
    "model": "admin.logentry",
    "pk": 284,
    "fields": {
      "action_time": "2023-05-28T09:10:54.486Z",
      "user": 1,
      "content_type": 15,
      "object_id": "9",
      "object_repr": "Корзина покупателя: Стафеев Дмитрий Олегович",
      "action_flag": 3,
      "change_message": ""
    }
  },
  {
    "model": "admin.logentry",
    "pk": 285,
    "fields": {
      "action_time": "2023-05-28T09:13:45.321Z",
      "user": 1,
      "content_type": 15,
      "object_id": "12",
      "object_repr": "Корзина покупателя: Стафеев Дмитрий Олегович",
      "action_flag": 3,
      "change_message": ""
    }
  },
  {
    "model": "admin.logentry",
    "pk": 286,
    "fields": {
      "action_time": "2023-05-28T09:13:45.342Z",
      "user": 1,
      "content_type": 15,
      "object_id": "11",
      "object_repr": "Корзина покупателя: Стафеев Дмитрий Олегович",
      "action_flag": 3,
      "change_message": ""
    }
  },
  {
    "model": "admin.logentry",
    "pk": 287,
    "fields": {
      "action_time": "2023-05-28T09:15:43.799Z",
      "user": 1,
      "content_type": 15,
      "object_id": "14",
      "object_repr": "Корзина покупателя: Стафеев Дмитрий Олегович",
      "action_flag": 3,
      "change_message": ""
    }
  },
  {
    "model": "admin.logentry",
    "pk": 288,
    "fields": {
      "action_time": "2023-05-28T09:15:43.821Z",
      "user": 1,
      "content_type": 15,
      "object_id": "13",
      "object_repr": "Корзина покупателя: Стафеев Дмитрий Олегович",
      "action_flag": 3,
      "change_message": ""
    }
  },
  {
    "model": "admin.logentry",
    "pk": 289,
    "fields": {
      "action_time": "2023-05-28T09:21:25.493Z",
      "user": 1,
      "content_type": 15,
      "object_id": "16",
      "object_repr": "Корзина покупателя: Стафеев Дмитрий Олегович",
      "action_flag": 3,
      "change_message": ""
    }
  },
  {
    "model": "admin.logentry",
    "pk": 290,
    "fields": {
      "action_time": "2023-05-28T09:21:25.500Z",
      "user": 1,
      "content_type": 15,
      "object_id": "15",
      "object_repr": "Корзина покупателя: Стафеев Дмитрий Олегович",
      "action_flag": 3,
      "change_message": ""
    }
  },
  {
    "model": "admin.logentry",
    "pk": 291,
    "fields": {
      "action_time": "2023-05-28T10:04:01.168Z",
      "user": 1,
      "content_type": 15,
      "object_id": "19",
      "object_repr": "Корзина покупателя: Стафеев Дмитрий Олегович",
      "action_flag": 3,
      "change_message": ""
    }
  },
  {
    "model": "admin.logentry",
    "pk": 292,
    "fields": {
      "action_time": "2023-05-28T11:18:48.979Z",
      "user": 1,
      "content_type": 15,
      "object_id": "21",
      "object_repr": "Корзина покупателя: Стафеев Дмитрий Олегович",
      "action_flag": 3,
      "change_message": ""
    }
  },
  {
    "model": "admin.logentry",
    "pk": 293,
    "fields": {
      "action_time": "2023-05-28T11:18:48.984Z",
      "user": 1,
      "content_type": 15,
      "object_id": "20",
      "object_repr": "Корзина покупателя: Стафеев Дмитрий Олегович",
      "action_flag": 3,
      "change_message": ""
    }
  },
  {
    "model": "admin.logentry",
    "pk": 294,
    "fields": {
      "action_time": "2023-05-28T11:18:48.987Z",
      "user": 1,
      "content_type": 15,
      "object_id": "18",
      "object_repr": "Корзина покупателя: Стафеев Дмитрий Олегович",
      "action_flag": 3,
      "change_message": ""
    }
  },
  {
    "model": "admin.logentry",
    "pk": 295,
    "fields": {
      "action_time": "2023-05-28T11:18:48.993Z",
      "user": 1,
      "content_type": 15,
      "object_id": "17",
      "object_repr": "Корзина покупателя: Стафеев Дмитрий Олегович",
      "action_flag": 3,
      "change_message": ""
    }
  },
  {
    "model": "admin.logentry",
    "pk": 296,
    "fields": {
      "action_time": "2023-05-28T11:37:37.069Z",
      "user": 1,
      "content_type": 15,
      "object_id": "24",
      "object_repr": "Корзина покупателя: Стафеев Дмитрий Олегович",
      "action_flag": 3,
      "change_message": ""
    }
  },
  {
    "model": "admin.logentry",
    "pk": 297,
    "fields": {
      "action_time": "2023-05-28T11:37:37.087Z",
      "user": 1,
      "content_type": 15,
      "object_id": "23",
      "object_repr": "Корзина покупателя: Стафеев Дмитрий Олегович",
      "action_flag": 3,
      "change_message": ""
    }
  },
  {
    "model": "admin.logentry",
    "pk": 298,
    "fields": {
      "action_time": "2023-05-28T11:37:37.092Z",
      "user": 1,
      "content_type": 15,
      "object_id": "22",
      "object_repr": "Корзина покупателя: Стафеев Дмитрий Олегович",
      "action_flag": 3,
      "change_message": ""
    }
  },
  {
    "model": "admin.logentry",
    "pk": 299,
    "fields": {
      "action_time": "2023-05-28T14:01:11.402Z",
      "user": 1,
      "content_type": 15,
      "object_id": "33",
      "object_repr": "Корзина покупателя: Стафеев Дмитрий Олегович",
      "action_flag": 3,
      "change_message": ""
    }
  },
  {
    "model": "admin.logentry",
    "pk": 300,
    "fields": {
      "action_time": "2023-05-28T14:01:11.421Z",
      "user": 1,
      "content_type": 15,
      "object_id": "32",
      "object_repr": "Корзина покупателя: Стафеев Дмитрий Олегович",
      "action_flag": 3,
      "change_message": ""
    }
  },
  {
    "model": "admin.logentry",
    "pk": 301,
    "fields": {
      "action_time": "2023-05-28T14:01:11.426Z",
      "user": 1,
      "content_type": 15,
      "object_id": "31",
      "object_repr": "Корзина покупателя: Стафеев Дмитрий Олегович",
      "action_flag": 3,
      "change_message": ""
    }
  },
  {
    "model": "admin.logentry",
    "pk": 302,
    "fields": {
      "action_time": "2023-05-28T14:01:11.432Z",
      "user": 1,
      "content_type": 15,
      "object_id": "30",
      "object_repr": "Корзина покупателя: Стафеев Дмитрий Олегович",
      "action_flag": 3,
      "change_message": ""
    }
  },
  {
    "model": "admin.logentry",
    "pk": 303,
    "fields": {
      "action_time": "2023-05-28T14:01:11.436Z",
      "user": 1,
      "content_type": 15,
      "object_id": "29",
      "object_repr": "Корзина покупателя: Стафеев Дмитрий Олегович",
      "action_flag": 3,
      "change_message": ""
    }
  },
  {
    "model": "admin.logentry",
    "pk": 304,
    "fields": {
      "action_time": "2023-05-28T14:01:11.445Z",
      "user": 1,
      "content_type": 15,
      "object_id": "28",
      "object_repr": "Корзина покупателя: Стафеев Дмитрий Олегович",
      "action_flag": 3,
      "change_message": ""
    }
  },
  {
    "model": "admin.logentry",
    "pk": 305,
    "fields": {
      "action_time": "2023-05-28T14:01:11.447Z",
      "user": 1,
      "content_type": 15,
      "object_id": "27",
      "object_repr": "Корзина покупателя: Стафеев Дмитрий Олегович",
      "action_flag": 3,
      "change_message": ""
    }
  },
  {
    "model": "admin.logentry",
    "pk": 306,
    "fields": {
      "action_time": "2023-05-28T14:01:11.455Z",
      "user": 1,
      "content_type": 15,
      "object_id": "26",
      "object_repr": "Корзина покупателя: Стафеев Дмитрий Олегович",
      "action_flag": 3,
      "change_message": ""
    }
  },
  {
    "model": "admin.logentry",
    "pk": 307,
    "fields": {
      "action_time": "2023-05-28T14:11:47.163Z",
      "user": 1,
      "content_type": 15,
      "object_id": "36",
      "object_repr": "Корзина покупателя: Стафеев Дмитрий Олегович",
      "action_flag": 3,
      "change_message": ""
    }
  },
  {
    "model": "admin.logentry",
    "pk": 308,
    "fields": {
      "action_time": "2023-06-03T11:45:11.967Z",
      "user": 1,
      "content_type": 7,
      "object_id": "4",
      "object_repr": "Валя",
      "action_flag": 3,
      "change_message": ""
    }
  },
  {
    "model": "admin.logentry",
    "pk": 309,
    "fields": {
      "action_time": "2023-06-03T11:45:11.991Z",
      "user": 1,
      "content_type": 7,
      "object_id": "1",
      "object_repr": "Тестовый пользователь",
      "action_flag": 3,
      "change_message": ""
    }
  },
  {
    "model": "admin.logentry",
    "pk": 310,
    "fields": {
      "action_time": "2023-06-07T19:18:38.353Z",
      "user": 1,
      "content_type": 18,
      "object_id": "1",
      "object_repr": "Order object (1)",
      "action_flag": 1,
      "change_message": "[{\"added\": {}}, {\"added\": {\"name\": \"\\u0422\\u043e\\u0432\\u0430\\u0440 \\u0434\\u043b\\u044f \\u0437\\u0430\\u043a\\u0430\\u0437\\u0430\", \"object\": \"PurchasedProduct object (1)\"}}]"
    }
  },
  {
    "model": "admin.logentry",
    "pk": 311,
    "fields": {
      "action_time": "2023-06-07T19:32:33.852Z",
      "user": 1,
      "content_type": 18,
      "object_id": "1",
      "object_repr": "Заказ №1",
      "action_flag": 2,
      "change_message": "[]"
    }
  },
  {
    "model": "admin.logentry",
    "pk": 312,
    "fields": {
      "action_time": "2023-06-10T10:21:44.658Z",
      "user": 1,
      "content_type": 7,
      "object_id": "20",
      "object_repr": "Любовь Ивановна Антонова",
      "action_flag": 3,
      "change_message": ""
    }
  },
  {
    "model": "admin.logentry",
    "pk": 313,
    "fields": {
      "action_time": "2023-06-10T10:21:44.662Z",
      "user": 1,
      "content_type": 7,
      "object_id": "19",
      "object_repr": "Dmitriy Olegovich Stafeev",
      "action_flag": 3,
      "change_message": ""
    }
  },
  {
    "model": "admin.logentry",
    "pk": 314,
    "fields": {
      "action_time": "2023-06-10T10:21:44.671Z",
      "user": 1,
      "content_type": 7,
      "object_id": "18",
      "object_repr": "Дмитрий Олегович Стафеев",
      "action_flag": 3,
      "change_message": ""
    }
  },
  {
    "model": "admin.logentry",
    "pk": 315,
    "fields": {
      "action_time": "2023-06-10T10:21:44.676Z",
      "user": 1,
      "content_type": 7,
      "object_id": "17",
      "object_repr": "Дмитрий Лже",
      "action_flag": 3,
      "change_message": ""
    }
  },
  {
    "model": "admin.logentry",
    "pk": 316,
    "fields": {
      "action_time": "2023-06-10T10:21:44.683Z",
      "user": 1,
      "content_type": 7,
      "object_id": "16",
      "object_repr": "Любовь Ивановна Антонова",
      "action_flag": 3,
      "change_message": ""
    }
  },
  {
    "model": "admin.logentry",
    "pk": 317,
    "fields": {
      "action_time": "2023-06-10T10:21:44.689Z",
      "user": 1,
      "content_type": 7,
      "object_id": "15",
      "object_repr": "Любовь Ивановна Антонова",
      "action_flag": 3,
      "change_message": ""
    }
  },
  {
    "model": "admin.logentry",
    "pk": 318,
    "fields": {
      "action_time": "2023-06-10T10:21:44.695Z",
      "user": 1,
      "content_type": 7,
      "object_id": "14",
      "object_repr": "Любовь Ивановна Антонова",
      "action_flag": 3,
      "change_message": ""
    }
  },
  {
    "model": "admin.logentry",
    "pk": 319,
    "fields": {
      "action_time": "2023-06-10T10:21:44.700Z",
      "user": 1,
      "content_type": 7,
      "object_id": "13",
      "object_repr": "Любовь Ивановна Антонова",
      "action_flag": 3,
      "change_message": ""
    }
  },
  {
    "model": "admin.logentry",
    "pk": 320,
    "fields": {
      "action_time": "2023-06-10T10:21:44.705Z",
      "user": 1,
      "content_type": 7,
      "object_id": "12",
      "object_repr": "Любовь Ивановна Антонова",
      "action_flag": 3,
      "change_message": ""
    }
  },
  {
    "model": "admin.logentry",
    "pk": 321,
    "fields": {
      "action_time": "2023-06-10T10:21:44.708Z",
      "user": 1,
      "content_type": 7,
      "object_id": "11",
      "object_repr": "1-комн. квартира, 37,16 м²",
      "action_flag": 3,
      "change_message": ""
    }
  },
  {
    "model": "admin.logentry",
    "pk": 322,
    "fields": {
      "action_time": "2023-06-10T10:21:44.714Z",
      "user": 1,
      "content_type": 7,
      "object_id": "10",
      "object_repr": "Тестовый пользователь для регистрации заказа",
      "action_flag": 3,
      "change_message": ""
    }
  },
  {
    "model": "admin.logentry",
    "pk": 323,
    "fields": {
      "action_time": "2023-06-10T10:21:44.720Z",
      "user": 1,
      "content_type": 7,
      "object_id": "9",
      "object_repr": "Дмитрий Олегович Стафеев",
      "action_flag": 3,
      "change_message": ""
    }
  },
  {
    "model": "admin.logentry",
    "pk": 324,
    "fields": {
      "action_time": "2023-06-10T10:21:44.723Z",
      "user": 1,
      "content_type": 7,
      "object_id": "8",
      "object_repr": "Дмитрий Тестировщик",
      "action_flag": 3,
      "change_message": ""
    }
  },
  {
    "model": "admin.logentry",
    "pk": 325,
    "fields": {
      "action_time": "2023-06-10T10:21:44.728Z",
      "user": 1,
      "content_type": 7,
      "object_id": "7",
      "object_repr": "Натали",
      "action_flag": 3,
      "change_message": ""
    }
  },
  {
    "model": "admin.logentry",
    "pk": 326,
    "fields": {
      "action_time": "2023-06-10T10:21:44.734Z",
      "user": 1,
      "content_type": 7,
      "object_id": "6",
      "object_repr": "Димитрия",
      "action_flag": 3,
      "change_message": ""
    }
  },
  {
    "model": "admin.logentry",
    "pk": 327,
    "fields": {
      "action_time": "2023-06-10T10:21:44.739Z",
      "user": 1,
      "content_type": 7,
      "object_id": "5",
      "object_repr": "Дима",
      "action_flag": 3,
      "change_message": ""
    }
  },
  {
    "model": "admin.logentry",
    "pk": 328,
    "fields": {
      "action_time": "2023-06-10T10:23:57.723Z",
      "user": 1,
      "content_type": 15,
      "object_id": "60",
      "object_repr": "Корзина покупателя: Стафеев Дмитрий Олегович",
      "action_flag": 3,
      "change_message": ""
    }
  },
  {
    "model": "admin.logentry",
    "pk": 329,
    "fields": {
      "action_time": "2023-06-10T10:24:54.000Z",
      "user": 1,
      "content_type": 15,
      "object_id": "67",
      "object_repr": "Cart object (67)",
      "action_flag": 3,
      "change_message": ""
    }
  },
  {
    "model": "admin.logentry",
    "pk": 330,
    "fields": {
      "action_time": "2023-06-10T10:36:44.623Z",
      "user": 1,
      "content_type": 15,
      "object_id": "66",
      "object_repr": "Корзина покупателя",
      "action_flag": 3,
      "change_message": ""
    }
  },
  {
    "model": "admin.logentry",
    "pk": 331,
    "fields": {
      "action_time": "2023-06-10T10:36:44.631Z",
      "user": 1,
      "content_type": 15,
      "object_id": "65",
      "object_repr": "Корзина покупателя",
      "action_flag": 3,
      "change_message": ""
    }
  },
  {
    "model": "admin.logentry",
    "pk": 332,
    "fields": {
      "action_time": "2023-06-10T10:36:44.640Z",
      "user": 1,
      "content_type": 15,
      "object_id": "64",
      "object_repr": "Корзина покупателя",
      "action_flag": 3,
      "change_message": ""
    }
  },
  {
    "model": "admin.logentry",
    "pk": 333,
    "fields": {
      "action_time": "2023-06-10T10:36:44.645Z",
      "user": 1,
      "content_type": 15,
      "object_id": "63",
      "object_repr": "Корзина покупателя",
      "action_flag": 3,
      "change_message": ""
    }
  },
  {
    "model": "admin.logentry",
    "pk": 334,
    "fields": {
      "action_time": "2023-06-10T10:36:44.650Z",
      "user": 1,
      "content_type": 15,
      "object_id": "62",
      "object_repr": "Корзина покупателя",
      "action_flag": 3,
      "change_message": ""
    }
  },
  {
    "model": "admin.logentry",
    "pk": 335,
    "fields": {
      "action_time": "2023-06-10T10:36:44.654Z",
      "user": 1,
      "content_type": 15,
      "object_id": "61",
      "object_repr": "Корзина покупателя",
      "action_flag": 3,
      "change_message": ""
    }
  },
  {
    "model": "admin.logentry",
    "pk": 336,
    "fields": {
      "action_time": "2023-06-10T10:36:44.660Z",
      "user": 1,
      "content_type": 15,
      "object_id": "59",
      "object_repr": "Корзина покупателя",
      "action_flag": 3,
      "change_message": ""
    }
  },
  {
    "model": "admin.logentry",
    "pk": 337,
    "fields": {
      "action_time": "2023-06-10T10:36:44.665Z",
      "user": 1,
      "content_type": 15,
      "object_id": "58",
      "object_repr": "Корзина покупателя",
      "action_flag": 3,
      "change_message": ""
    }
  },
  {
    "model": "admin.logentry",
    "pk": 338,
    "fields": {
      "action_time": "2023-06-10T10:36:44.671Z",
      "user": 1,
      "content_type": 15,
      "object_id": "55",
      "object_repr": "Корзина покупателя",
      "action_flag": 3,
      "change_message": ""
    }
  },
  {
    "model": "admin.logentry",
    "pk": 339,
    "fields": {
      "action_time": "2023-06-10T10:36:44.676Z",
      "user": 1,
      "content_type": 15,
      "object_id": "54",
      "object_repr": "Корзина покупателя",
      "action_flag": 3,
      "change_message": ""
    }
  },
  {
    "model": "admin.logentry",
    "pk": 340,
    "fields": {
      "action_time": "2023-06-10T10:36:44.682Z",
      "user": 1,
      "content_type": 15,
      "object_id": "53",
      "object_repr": "Корзина покупателя",
      "action_flag": 3,
      "change_message": ""
    }
  },
  {
    "model": "admin.logentry",
    "pk": 341,
    "fields": {
      "action_time": "2023-06-10T10:36:44.687Z",
      "user": 1,
      "content_type": 15,
      "object_id": "52",
      "object_repr": "Корзина покупателя",
      "action_flag": 3,
      "change_message": ""
    }
  },
  {
    "model": "admin.logentry",
    "pk": 342,
    "fields": {
      "action_time": "2023-06-10T10:36:44.691Z",
      "user": 1,
      "content_type": 15,
      "object_id": "51",
      "object_repr": "Корзина покупателя",
      "action_flag": 3,
      "change_message": ""
    }
  },
  {
    "model": "admin.logentry",
    "pk": 343,
    "fields": {
      "action_time": "2023-06-10T11:33:48.231Z",
      "user": 1,
      "content_type": 4,
      "object_id": "14",
      "object_repr": "e.sovagt",
      "action_flag": 2,
      "change_message": "[{\"changed\": {\"fields\": [\"First name\", \"Last name\"]}}]"
    }
  },
  {
    "model": "admin.logentry",
    "pk": 344,
    "fields": {
      "action_time": "2023-06-10T15:11:35.371Z",
      "user": 1,
      "content_type": 7,
      "object_id": "21",
      "object_repr": "Валера",
      "action_flag": 2,
      "change_message": "[{\"changed\": {\"fields\": [\"\\u0422\\u0435\\u043b\\u0435\\u0444\\u043e\\u043d\", \"\\u0410\\u0434\\u0440\\u0435\\u0441\"]}}]"
    }
  },
  {
    "model": "admin.logentry",
    "pk": 345,
    "fields": {
      "action_time": "2023-06-11T10:26:22.521Z",
      "user": 1,
      "content_type": 19,
      "object_id": "1",
      "object_repr": "Оплата не прошла",
      "action_flag": 1,
      "change_message": "[{\"added\": {}}]"
    }
  },
  {
    "model": "admin.logentry",
    "pk": 346,
    "fields": {
      "action_time": "2023-06-11T10:27:19.949Z",
      "user": 1,
      "content_type": 19,
      "object_id": "2",
      "object_repr": "Недостаточно средств на счете",
      "action_flag": 1,
      "change_message": "[{\"added\": {}}]"
    }
  },
  {
    "model": "admin.logentry",
    "pk": 347,
    "fields": {
      "action_time": "2023-06-12T10:24:07.936Z",
      "user": 1,
      "content_type": 18,
      "object_id": "7",
      "object_repr": "Заказ №7",
      "action_flag": 2,
      "change_message": "[{\"changed\": {\"fields\": [\"\\u0421\\u0442\\u0430\\u0442\\u0443\\u0441\", \"\\u0421\\u043e\\u043e\\u0431\\u0449\\u0435\\u043d\\u0438\\u0435 \\u043e\\u0431 \\u043e\\u0448\\u0438\\u0431\\u043a\\u0435\"]}}]"
    }
  },
  {
    "model": "admin.logentry",
    "pk": 348,
    "fields": {
      "action_time": "2023-06-12T11:12:27.199Z",
      "user": 1,
      "content_type": 18,
      "object_id": "6",
      "object_repr": "Заказ №6",
      "action_flag": 2,
      "change_message": "[{\"changed\": {\"fields\": [\"\\u0421\\u0442\\u0430\\u0442\\u0443\\u0441\", \"\\u0421\\u043e\\u043e\\u0431\\u0449\\u0435\\u043d\\u0438\\u0435 \\u043e\\u0431 \\u043e\\u0448\\u0438\\u0431\\u043a\\u0435\"]}}]"
    }
  },
  {
    "model": "admin.logentry",
    "pk": 349,
    "fields": {
      "action_time": "2023-06-12T11:14:39.907Z",
      "user": 1,
      "content_type": 18,
      "object_id": "5",
      "object_repr": "Заказ №5",
      "action_flag": 2,
      "change_message": "[{\"changed\": {\"fields\": [\"\\u0421\\u0442\\u0430\\u0442\\u0443\\u0441\"]}}]"
    }
  },
  {
    "model": "admin.logentry",
    "pk": 350,
    "fields": {
      "action_time": "2023-06-12T11:14:47.037Z",
      "user": 1,
      "content_type": 18,
      "object_id": "4",
      "object_repr": "Заказ №4",
      "action_flag": 2,
      "change_message": "[{\"changed\": {\"fields\": [\"\\u0421\\u0442\\u0430\\u0442\\u0443\\u0441\"]}}]"
    }
  },
  {
    "model": "admin.logentry",
    "pk": 351,
    "fields": {
      "action_time": "2023-06-12T11:14:51.519Z",
      "user": 1,
      "content_type": 18,
      "object_id": "3",
      "object_repr": "Заказ №3",
      "action_flag": 2,
      "change_message": "[{\"changed\": {\"fields\": [\"\\u0421\\u0442\\u0430\\u0442\\u0443\\u0441\"]}}]"
    }
  },
  {
    "model": "admin.logentry",
    "pk": 352,
    "fields": {
      "action_time": "2023-06-12T11:14:56.335Z",
      "user": 1,
      "content_type": 18,
      "object_id": "2",
      "object_repr": "Заказ №2",
      "action_flag": 2,
      "change_message": "[{\"changed\": {\"fields\": [\"\\u0421\\u0442\\u0430\\u0442\\u0443\\u0441\"]}}]"
    }
  },
  {
    "model": "admin.logentry",
    "pk": 353,
    "fields": {
      "action_time": "2023-06-12T11:15:02.820Z",
      "user": 1,
      "content_type": 18,
      "object_id": "1",
      "object_repr": "Заказ №1",
      "action_flag": 2,
      "change_message": "[{\"changed\": {\"fields\": [\"\\u0421\\u0442\\u0430\\u0442\\u0443\\u0441\"]}}]"
    }
  },
  {
    "model": "admin.logentry",
    "pk": 354,
    "fields": {
      "action_time": "2023-06-12T12:11:34.449Z",
      "user": 1,
      "content_type": 18,
      "object_id": "7",
      "object_repr": "Заказ №7",
      "action_flag": 2,
      "change_message": "[{\"changed\": {\"fields\": [\"\\u0421\\u0442\\u0430\\u0442\\u0443\\u0441\"]}}]"
    }
  },
  {
    "model": "admin.logentry",
    "pk": 355,
    "fields": {
      "action_time": "2023-06-12T12:15:00.505Z",
      "user": 1,
      "content_type": 18,
      "object_id": "7",
      "object_repr": "Заказ №7",
      "action_flag": 2,
      "change_message": "[{\"changed\": {\"fields\": [\"\\u0421\\u0442\\u0430\\u0442\\u0443\\u0441\"]}}]"
    }
  },
  {
    "model": "admin.logentry",
    "pk": 356,
    "fields": {
      "action_time": "2023-06-12T12:16:46.105Z",
      "user": 1,
      "content_type": 18,
      "object_id": "7",
      "object_repr": "Заказ №7",
      "action_flag": 2,
      "change_message": "[{\"changed\": {\"fields\": [\"\\u0421\\u0442\\u0430\\u0442\\u0443\\u0441\", \"\\u0421\\u043e\\u043e\\u0431\\u0449\\u0435\\u043d\\u0438\\u0435 \\u043e\\u0431 \\u043e\\u0448\\u0438\\u0431\\u043a\\u0435\"]}}]"
    }
  },
  {
    "model": "admin.logentry",
    "pk": 357,
    "fields": {
      "action_time": "2023-06-12T12:19:37.141Z",
      "user": 1,
      "content_type": 18,
      "object_id": "7",
      "object_repr": "Заказ №7",
      "action_flag": 2,
      "change_message": "[{\"changed\": {\"fields\": [\"\\u0421\\u0442\\u0430\\u0442\\u0443\\u0441\", \"\\u0421\\u043e\\u043e\\u0431\\u0449\\u0435\\u043d\\u0438\\u0435 \\u043e\\u0431 \\u043e\\u0448\\u0438\\u0431\\u043a\\u0435\"]}}]"
    }
  },
  {
    "model": "admin.logentry",
    "pk": 358,
    "fields": {
      "action_time": "2023-06-14T19:47:58.156Z",
      "user": 1,
      "content_type": 11,
      "object_id": "1",
      "object_repr": "Беспроводные накладные наушники Sony Wh1000xm4b.e Black",
      "action_flag": 2,
      "change_message": "[{\"changed\": {\"fields\": [\"\\u041f\\u043e\\u043a\\u0443\\u043f\\u043e\\u043a\"]}}]"
    }
  },
  {
    "model": "admin.logentry",
    "pk": 359,
    "fields": {
      "action_time": "2023-06-14T19:48:05.009Z",
      "user": 1,
      "content_type": 11,
      "object_id": "6",
      "object_repr": "Умная колонка Яндекс Станция Мини с часами с Алисой, черный оникс, 10Вт",
      "action_flag": 2,
      "change_message": "[{\"changed\": {\"fields\": [\"\\u041f\\u043e\\u043a\\u0443\\u043f\\u043e\\u043a\"]}}]"
    }
  },
  {
    "model": "admin.logentry",
    "pk": 360,
    "fields": {
      "action_time": "2023-06-14T19:49:54.672Z",
      "user": 1,
      "content_type": 11,
      "object_id": "1",
      "object_repr": "Беспроводные накладные наушники Sony Wh1000xm4b.e Black",
      "action_flag": 2,
      "change_message": "[]"
    }
  },
  {
    "model": "admin.logentry",
    "pk": 361,
    "fields": {
      "action_time": "2023-06-14T19:56:09.892Z",
      "user": 1,
      "content_type": 11,
      "object_id": "8",
      "object_repr": "Умный пульт Yandex SmartControl",
      "action_flag": 2,
      "change_message": "[{\"changed\": {\"fields\": [\"\\u041f\\u043e\\u043a\\u0443\\u043f\\u043e\\u043a\"]}}]"
    }
  },
  {
    "model": "admin.logentry",
    "pk": 362,
    "fields": {
      "action_time": "2023-06-14T19:56:24.820Z",
      "user": 1,
      "content_type": 11,
      "object_id": "18",
      "object_repr": "50\" Телевизор Xiaomi TV A2 50 LED, HDR RU, черный",
      "action_flag": 2,
      "change_message": "[{\"changed\": {\"fields\": [\"\\u041f\\u043e\\u043a\\u0443\\u043f\\u043e\\u043a\"]}}]"
    }
  },
  {
    "model": "admin.logentry",
    "pk": 363,
    "fields": {
      "action_time": "2023-06-25T12:06:28.307Z",
      "user": 1,
      "content_type": 18,
      "object_id": "16",
      "object_repr": "Заказ №16",
      "action_flag": 2,
      "change_message": "[{\"changed\": {\"fields\": [\"\\u0421\\u0442\\u0430\\u0442\\u0443\\u0441\", \"\\u0421\\u043e\\u043e\\u0431\\u0449\\u0435\\u043d\\u0438\\u0435 \\u043e\\u0431 \\u043e\\u0448\\u0438\\u0431\\u043a\\u0435\"]}}]"
    }
  },
  {
    "model": "admin.logentry",
    "pk": 364,
    "fields": {
      "action_time": "2023-06-25T12:06:59.819Z",
      "user": 1,
      "content_type": 18,
      "object_id": "14",
      "object_repr": "Заказ №14",
      "action_flag": 2,
      "change_message": "[{\"changed\": {\"fields\": [\"\\u0421\\u0442\\u0430\\u0442\\u0443\\u0441\"]}}]"
    }
  },
  {
    "model": "auth.user",
    "pk": 1,
    "fields": {
      "password": "pbkdf2_sha256$390000$SmXN9KriRTsDxnQUYw1WKj$y7+pkHzMkULb6drqVqGg9C2sewCbNx9LwU8N3tL60RE=",
      "last_login": "2023-06-24T13:20:32.742Z",
      "is_superuser": true,
      "username": "admin",
      "first_name": "",
      "last_name": "",
      "email": "admin@mail.ru",
      "is_staff": true,
      "is_active": true,
      "date_joined": "2023-03-28T20:30:30Z",
      "groups": [],
      "user_permissions": []
    }
  },
  {
    "model": "auth.user",
    "pk": 2,
    "fields": {
      "password": "pbkdf2_sha256$390000$hkJDsDi2Kd2FgDiW0nYHH8$BD8oxMn3D7IQP+VP/OjMoD1HsD53V4xtjPheDXGTaYI=",
      "last_login": "2023-05-13T09:52:29.683Z",
      "is_superuser": false,
      "username": "test_user",
      "first_name": "",
      "last_name": "",
      "email": "test_user@mail.ru",
      "is_staff": false,
      "is_active": true,
      "date_joined": "2023-05-05T14:12:20Z",
      "groups": [],
      "user_permissions": []
    }
  },
  {
    "model": "auth.user",
    "pk": 3,
    "fields": {
      "password": "pbkdf2_sha256$390000$jI4LWsFPz0esGllnyCtCr0$gC3gOCsdXLE/q3rKg56RCX41+wg2UJj44LT7LsL6HEU=",
      "last_login": "2023-05-13T10:06:11.584Z",
      "is_superuser": false,
      "username": "test_user2",
      "first_name": "",
      "last_name": "",
      "email": "test_user2@mail.ru",
      "is_staff": false,
      "is_active": true,
      "date_joined": "2023-05-07T09:44:23Z",
      "groups": [],
      "user_permissions": []
    }
  },
  {
    "model": "auth.user",
    "pk": 4,
    "fields": {
      "password": "pbkdf2_sha256$390000$Eqzf6qhq2GBicXbDV5xR9p$ymKKKkdeeIi1BhDUEWFjGkJ5vguxsKE9MpKP0gLDCaY=",
      "last_login": "2023-05-07T09:49:12.670Z",
      "is_superuser": false,
      "username": "send",
      "first_name": "",
      "last_name": "",
      "email": "send@test.test",
      "is_staff": false,
      "is_active": true,
      "date_joined": "2023-05-07T09:46:08.319Z",
      "groups": [],
      "user_permissions": []
    }
  },
  {
    "model": "auth.user",
    "pk": 5,
    "fields": {
      "password": "pbkdf2_sha256$390000$RP1INsEJPKbHEKH3OO0YA0$IlxNKUwuDQr/mkQuiyNtEHSvwJAFGeY34ZVZvl6+ov0=",
      "last_login": "2023-05-13T10:26:53.209Z",
      "is_superuser": false,
      "username": "valua",
      "first_name": "",
      "last_name": "",
      "email": "valua@mail.ru",
      "is_staff": false,
      "is_active": true,
      "date_joined": "2023-05-13T10:26:51.967Z",
      "groups": [],
      "user_permissions": []
    }
  },
  {
    "model": "auth.user",
    "pk": 6,
    "fields": {
      "password": "pbkdf2_sha256$390000$s3iAmQ5yiulj8qlaoaP3cO$FzFUktIy3jZKI5U8xyhC2h6flEoXpD0A+9rT7x1CTLY=",
      "last_login": null,
      "is_superuser": false,
      "username": "nothing",
      "first_name": "",
      "last_name": "",
      "email": "nothing@mail.ru",
      "is_staff": false,
      "is_active": true,
      "date_joined": "2023-05-13T10:32:42.847Z",
      "groups": [],
      "user_permissions": []
    }
  },
  {
    "model": "auth.user",
    "pk": 7,
    "fields": {
      "password": "pbkdf2_sha256$390000$OCkRNjTEycE575qovFzVqk$gp77aXvAQPMSSfr2evMhvh+N2bH5XagN41fGvN33WWI=",
      "last_login": "2023-05-13T11:36:27.617Z",
      "is_superuser": false,
      "username": "send1",
      "first_name": "",
      "last_name": "",
      "email": "send1@test.test",
      "is_staff": false,
      "is_active": true,
      "date_joined": "2023-05-13T11:36:27.224Z",
      "groups": [],
      "user_permissions": []
    }
  },
  {
    "model": "auth.user",
    "pk": 8,
    "fields": {
      "password": "pbkdf2_sha256$390000$uoori4RepZyv8Jz7dKb0zv$dBVeCUFgm8L5syXfATVfBJDfLe3Ta4ktsOcnMc2lDQc=",
      "last_login": "2023-06-03T12:04:50.716Z",
      "is_superuser": false,
      "username": "stafeecsvsv",
      "first_name": "",
      "last_name": "",
      "email": "stafeecsvsv@mail.ru",
      "is_staff": false,
      "is_active": true,
      "date_joined": "2023-06-03T11:49:59.336Z",
      "groups": [],
      "user_permissions": []
    }
  },
  {
    "model": "auth.user",
    "pk": 9,
    "fields": {
      "password": "pbkdf2_sha256$390000$7VzOmJ8NKyU8CFOwJqAv8L$U0FxAKf4vKR+/3RtaBC6b5E8abSN2hoKoAzvrqqOYxU=",
      "last_login": "2023-06-03T12:08:51.729Z",
      "is_superuser": false,
      "username": "supertester",
      "first_name": "",
      "last_name": "",
      "email": "supertester@mail.ru",
      "is_staff": false,
      "is_active": true,
      "date_joined": "2023-06-03T12:08:50.385Z",
      "groups": [],
      "user_permissions": []
    }
  },
  {
    "model": "auth.user",
    "pk": 10,
    "fields": {
      "password": "pbkdf2_sha256$390000$1ublpCAWnfVRQbeu4Wh9rl$GcyiRmxmAuUEqNYnTbNDoP63UGAgoXNSHaTOPZdhL7E=",
      "last_login": "2023-06-03T12:23:33.934Z",
      "is_superuser": false,
      "username": "testersupertest",
      "first_name": "",
      "last_name": "",
      "email": "testersupertest@mail.ru",
      "is_staff": false,
      "is_active": true,
      "date_joined": "2023-06-03T12:23:32.676Z",
      "groups": [],
      "user_permissions": []
    }
  },
  {
    "model": "auth.user",
    "pk": 11,
    "fields": {
      "password": "pbkdf2_sha256$390000$wRVU99se6Ly79JZdKTIG25$kJS7d+1z2w6+Twt9131l4AOWDo7VN4yf7DjW0M3K0h8=",
      "last_login": "2023-06-10T14:51:49.363Z",
      "is_superuser": false,
      "username": "send2",
      "first_name": "",
      "last_name": "",
      "email": "send2@test.test",
      "is_staff": false,
      "is_active": true,
      "date_joined": "2023-06-08T20:35:48.559Z",
      "groups": [],
      "user_permissions": []
    }
  },
  {
    "model": "auth.user",
    "pk": 12,
    "fields": {
      "password": "pbkdf2_sha256$390000$WNWYpK7y5B7FR7jpsabJIA$7q04e0kOD3XGdLuMXFw78dXAw1ZngZHXcetICk9EwOs=",
      "last_login": "2023-06-08T20:39:39.232Z",
      "is_superuser": false,
      "username": "adminn",
      "first_name": "",
      "last_name": "",
      "email": "adminn@mail.ru",
      "is_staff": false,
      "is_active": true,
      "date_joined": "2023-06-08T20:39:38.801Z",
      "groups": [],
      "user_permissions": []
    }
  },
  {
    "model": "auth.user",
    "pk": 13,
    "fields": {
      "password": "pbkdf2_sha256$390000$Mg9y8RlKw3mVIdqBx31sCu$y4E5fpJL228zZMNsTfxL0uN4+o7/qCoXLmSYKQB2FlI=",
      "last_login": "2023-06-08T20:52:02.405Z",
      "is_superuser": false,
      "username": "send1ssss",
      "first_name": "",
      "last_name": "",
      "email": "send1ssss@test.test",
      "is_staff": false,
      "is_active": true,
      "date_joined": "2023-06-08T20:52:01.194Z",
      "groups": [],
      "user_permissions": []
    }
  },
  {
    "model": "auth.user",
    "pk": 14,
    "fields": {
      "password": "pbkdf2_sha256$390000$mOTuzRg4QgoGvoTfMCz5c0$akX87b4pljW/boTAHDP9QfhH0jlFISN/I35J6qK1e6Q=",
      "last_login": "2023-06-10T11:31:31Z",
      "is_superuser": false,
      "username": "e.sovagt",
      "first_name": "Ева",
      "last_name": "Текучева",
      "email": "e.sovagt@gmail.com",
      "is_staff": false,
      "is_active": true,
      "date_joined": "2023-06-08T20:54:36Z",
      "groups": [],
      "user_permissions": []
    }
  },
  {
    "model": "auth.user",
    "pk": 15,
    "fields": {
      "password": "pbkdf2_sha256$390000$s54IYAVhni3kBUxkAn5Cs2$6rkB9tM3RVYwjrSvzbPQvdmhSOEgFbe+0wrxJ9iQPYU=",
      "last_login": "2023-06-08T21:00:26.907Z",
      "is_superuser": false,
      "username": "e.sovagaaat",
      "first_name": "",
      "last_name": "",
      "email": "e.sovagaaat@gmail.com",
      "is_staff": false,
      "is_active": true,
      "date_joined": "2023-06-08T21:00:25.685Z",
      "groups": [],
      "user_permissions": []
    }
  },
  {
    "model": "auth.user",
    "pk": 16,
    "fields": {
      "password": "pbkdf2_sha256$390000$KswMC73BOwcz7NYVMxyST3$WEYE3IjDjrEdBWPtMttXq2wsRvRm4hb+oABgl4jiVPo=",
      "last_login": "2023-06-08T21:12:26.455Z",
      "is_superuser": false,
      "username": "e.sovagsdst",
      "first_name": "",
      "last_name": "",
      "email": "e.sovagsdst@gmail.com",
      "is_staff": false,
      "is_active": true,
      "date_joined": "2023-06-08T21:12:25.174Z",
      "groups": [],
      "user_permissions": []
    }
  },
  {
    "model": "auth.user",
    "pk": 17,
    "fields": {
      "password": "pbkdf2_sha256$390000$TJbsQWxJ9FHmW2o4cAvfjb$nfdU/UklALFTDfSNOYT+w1scR1miP3xfo+6NiD1wFrg=",
      "last_login": "2023-06-08T21:13:33.314Z",
      "is_superuser": false,
      "username": "e.sovwdwdwdagt",
      "first_name": "",
      "last_name": "",
      "email": "e.sovwdwdwdagt@gmail.com",
      "is_staff": false,
      "is_active": true,
      "date_joined": "2023-06-08T21:13:32.941Z",
      "groups": [],
      "user_permissions": []
    }
  },
  {
    "model": "auth.user",
    "pk": 18,
    "fields": {
      "password": "pbkdf2_sha256$390000$xIJdVJn4g1iqNH4K0JXYDc$c3RBxkAgVam8t7v+ok/015KyCLglnqHOEkerRe8uEZs=",
      "last_login": "2023-06-10T10:12:08.300Z",
      "is_superuser": false,
      "username": "e.sovagaxaxt",
      "first_name": "",
      "last_name": "",
      "email": "e.sovagaxaxt@gmail.com",
      "is_staff": false,
      "is_active": true,
      "date_joined": "2023-06-10T10:12:07.671Z",
      "groups": [],
      "user_permissions": []
    }
  },
  {
    "model": "auth.user",
    "pk": 19,
    "fields": {
      "password": "pbkdf2_sha256$390000$9jtC5w8qajZHXCC0FGCnzq$Nsw2gOKxGjbF/PwpM6EH3igxuwofvToj5g8/F5V6QRI=",
      "last_login": "2023-06-10T10:15:17.654Z",
      "is_superuser": false,
      "username": "senddfseveesv1",
      "first_name": "",
      "last_name": "",
      "email": "senddfseveesv1@test.test",
      "is_staff": false,
      "is_active": true,
      "date_joined": "2023-06-10T10:15:17.310Z",
      "groups": [],
      "user_permissions": []
    }
  },
  {
    "model": "auth.user",
    "pk": 20,
    "fields": {
      "password": "pbkdf2_sha256$390000$PTVuORW2Uck9AqxplZhzSE$1SlYcqCS+aGI0KGXWtn5MKTObUDGnLC8JQtwPfIK3yQ=",
      "last_login": "2023-06-10T10:16:17.844Z",
      "is_superuser": false,
      "username": "sendefsefesf2",
      "first_name": "",
      "last_name": "",
      "email": "sendefsefesf2@test.test",
      "is_staff": false,
      "is_active": true,
      "date_joined": "2023-06-10T10:16:17.499Z",
      "groups": [],
      "user_permissions": []
    }
  },
  {
    "model": "auth.user",
    "pk": 21,
    "fields": {
      "password": "pbkdf2_sha256$390000$8unIe0pM7qXGBRm2Dt71h2$+PZDuwbN9KaWKH4A/dYEMPrwPC5D4qY+y8QGRAu594I=",
      "last_login": "2023-06-10T10:18:03.524Z",
      "is_superuser": false,
      "username": "stafeewdwdff.dmitrij",
      "first_name": "",
      "last_name": "",
      "email": "stafeewdwdff.dmitrij@yandex.ru",
      "is_staff": false,
      "is_active": true,
      "date_joined": "2023-06-10T10:18:03.181Z",
      "groups": [],
      "user_permissions": []
    }
  },
  {
    "model": "auth.user",
    "pk": 22,
    "fields": {
      "password": "pbkdf2_sha256$390000$JHrLjzIsxc48rFR6T3HoDX$Os5ICNM8bYuGCSWIVB/F5ITiRolrEv9/bqCNrroiaN0=",
      "last_login": "2023-06-10T10:19:39.834Z",
      "is_superuser": false,
      "username": "e.sovawawdgt",
      "first_name": "",
      "last_name": "",
      "email": "e.sovawawdgt@gmail.com",
      "is_staff": false,
      "is_active": true,
      "date_joined": "2023-06-10T10:19:39.269Z",
      "groups": [],
      "user_permissions": []
    }
  },
  {
    "model": "auth.user",
    "pk": 23,
    "fields": {
      "password": "pbkdf2_sha256$390000$zePRpbaWWNo6WN4yQuQnjX$1Zbm+Rn9LOv7tpW4K8OtwXzubrEjHo2D/mNs+i/iabQ=",
      "last_login": "2023-06-10T15:10:20.682Z",
      "is_superuser": false,
      "username": "sendewdsd23",
      "first_name": "",
      "last_name": "",
      "email": "sendewdsd23@test.test",
      "is_staff": false,
      "is_active": true,
      "date_joined": "2023-06-10T15:10:20.281Z",
      "groups": [],
      "user_permissions": []
    }
  },
  {
    "model": "auth.user",
    "pk": 24,
    "fields": {
      "password": "pbkdf2_sha256$390000$5UNHfW00G81FytAGZjRiqb$+KuSbXwc7DCv18DvhSMf/O4CRMLnMUssFMI8t8POU5E=",
      "last_login": "2023-06-10T15:12:26.190Z",
      "is_superuser": false,
      "username": "send232113",
      "first_name": "",
      "last_name": "",
      "email": "send232113@test.test",
      "is_staff": false,
      "is_active": true,
      "date_joined": "2023-06-10T15:12:24.962Z",
      "groups": [],
      "user_permissions": []
    }
  },
  {
    "model": "auth.user",
    "pk": 25,
    "fields": {
      "password": "pbkdf2_sha256$390000$OIAppIXy5ceZU1V3nAaApc$cw5QBp38XLdI1HZbV+E/K30tVVv/QhPZCSgAXsq9LoU=",
      "last_login": null,
      "is_superuser": false,
      "username": "stafeeff.dmitrij",
      "first_name": "",
      "last_name": "",
      "email": "stafeeff.dmitrij@yandex.ru",
      "is_staff": false,
      "is_active": true,
      "date_joined": "2023-06-15T19:04:36.353Z",
      "groups": [],
      "user_permissions": []
    }
  },
  {
    "model": "auth.user",
    "pk": 26,
    "fields": {
      "password": "pbkdf2_sha256$390000$LJHPlNQhiJ8hQyPv0XMCag$vGV4GRk2f1l5Lw9gWIybW30bzM2H0V/UYaup8tr5Y4E=",
      "last_login": null,
      "is_superuser": false,
      "username": "send2r232f",
      "first_name": "",
      "last_name": "",
      "email": "send2r232f@test.test",
      "is_staff": false,
      "is_active": true,
      "date_joined": "2023-06-15T19:08:26.540Z",
      "groups": [],
      "user_permissions": []
    }
  },
  {
    "model": "auth.user",
    "pk": 27,
    "fields": {
      "password": "pbkdf2_sha256$390000$2B9dZXWQFIatVgwAB0MsFQ$3ua/2bxGbTiHwb6F64vfHYlnXT2cYxgYCBAd/g5hQi4=",
      "last_login": null,
      "is_superuser": false,
      "username": "send34242",
      "first_name": "",
      "last_name": "",
      "email": "send34242@test.test",
      "is_staff": false,
      "is_active": true,
      "date_joined": "2023-06-15T19:33:13.987Z",
      "groups": [],
      "user_permissions": []
    }
  },
  {
    "model": "auth.user",
    "pk": 28,
    "fields": {
      "password": "pbkdf2_sha256$390000$xN556v6wXspXg8Pc1vcbN5$58R1CTzWuSgK0ctDSH60r0DuluO+oVCe5gwdoBdbZ1Y=",
      "last_login": "2023-06-15T19:36:20.288Z",
      "is_superuser": false,
      "username": "send35435",
      "first_name": "",
      "last_name": "",
      "email": "send35435@test.test",
      "is_staff": false,
      "is_active": true,
      "date_joined": "2023-06-15T19:36:19.121Z",
      "groups": [],
      "user_permissions": []
    }
  },
  {
    "model": "auth.user",
    "pk": 29,
    "fields": {
      "password": "pbkdf2_sha256$390000$FYnihAABCRqKLnlChdB59q$exJOWn55svWzK6ce71T7838NApD+HAerqCdEzdZgUQs=",
      "last_login": null,
      "is_superuser": false,
      "username": "send99",
      "first_name": "",
      "last_name": "",
      "email": "send99@test.test",
      "is_staff": false,
      "is_active": true,
      "date_joined": "2023-06-21T19:28:13.680Z",
      "groups": [],
      "user_permissions": []
    }
  },
  {
    "model": "auth.user",
    "pk": 30,
    "fields": {
      "password": "pbkdf2_sha256$390000$83UdAsH5wmO3GRUzJiTp7D$GpNm2nzdhqvEiNOg2ksqbWxIDa6lKSpJyI+QkxixlxQ=",
      "last_login": "2023-06-21T19:29:04.844Z",
      "is_superuser": false,
      "username": "send54",
      "first_name": "",
      "last_name": "",
      "email": "send54@test.test",
      "is_staff": false,
      "is_active": true,
      "date_joined": "2023-06-21T19:29:03.692Z",
      "groups": [],
      "user_permissions": []
    }
  },
  {
    "model": "auth.user",
    "pk": 31,
    "fields": {
      "password": "pbkdf2_sha256$390000$LceOHKmRt63ZETUpU2xqh4$C9CNCEnRLREDI2RSvyi4M2AeRl5AWWftPKocjF4fxkI=",
      "last_login": "2023-06-21T19:50:16.187Z",
      "is_superuser": false,
      "username": "senere2",
      "first_name": "",
      "last_name": "",
      "email": "senere2@test.test",
      "is_staff": false,
      "is_active": true,
      "date_joined": "2023-06-21T19:50:15.798Z",
      "groups": [],
      "user_permissions": []
    }
  },
  {
    "model": "sessions.session",
    "pk": "07kubus00tfn99xt8nrfl0svm08uvyzn",
    "fields": {
      "session_data": ".eJxVjEEOwiAQRe_C2hCgDIhL9z0DmYFBqoYmpV0Z765NutDtf-_9l4i4rTVunZc4ZXERVpx-N8L04LaDfMd2m2Wa27pMJHdFHrTLcc78vB7u30HFXr-1CYadN1ppE6jkYtTgQmCnz-wAvFcMPmUgYJ0oGRdQWygDEyAqG5R4fwDAPzdG:1pvb0y:3B2R3CV1mTr3xJbsGg9323gYDhi4jq85Ja8GQkxl48Q",
      "expire_date": "2023-05-21T09:49:12.678Z"
    }
  },
  {
    "model": "sessions.session",
    "pk": "08yp5g6z9e4awlyy7l8slkj2wsmz5ksa",
    "fields": {
      "session_data": "eyJjYXJ0Ijp7IjciOjJ9fQ:1q7vyI:2xXkWz6_7vtzZGxYkowMCB52Nvsb6wyIp2sqUSdIWgA",
      "expire_date": "2023-06-17T10:37:26.402Z"
    }
  },
  {
    "model": "sessions.session",
    "pk": "299eqxcix34a7qin17uvyrcfswzzsbof",
    "fields": {
      "session_data": ".eJxVjMsOwiAUBf-FtSEFysule7-B3AdI1dCktCvjv2uTLnR7Zua8RIJtrWnreUkTi7Pw4vS7IdAjtx3wHdptljS3dZlQ7oo8aJfXmfPzcrh_BxV6_dYlAmIxnhxZxHEoWmWLhouxJsNoyWGMwTIGr1kROTUEQq0deibDWbw_Ers48g:1pxnY3:4fBN9ubUG_nWArYlgvIGMFeXRddhLAt1ZD7vilVSObo",
      "expire_date": "2023-05-27T11:36:27.622Z"
    }
  },
  {
    "model": "sessions.session",
    "pk": "2zmu5syk6ot60xkiec56pmd7m3vyy3uo",
    "fields": {
      "session_data": ".eJxVjDkOwjAQAP_iGlnxER-U9LzB2vVucADZUpxUiL-joBTQzozmJRJsa0lb5yXNJM5CKXH6hQj5wXU3dId6azK3ui4zyj2Rh-3y2oifl6P9GxTo5ft15ACNAvLesOWgBjPqjC4bHYHRgp7AIzkeQ9SRBs3KokbyeUII4v0BC8E4rg:1q7MMH:YXNLJnBozB8kfpFCxJQNS1mVohrgkTv_gWp9RYXpV0M",
      "expire_date": "2023-06-15T20:35:49.756Z"
    }
  },
  {
    "model": "sessions.session",
    "pk": "35a5c2no5i3comnoesidqfoalhq2kf0t",
    "fields": {
      "session_data": ".eJxVjDEOwjAMRe-SGUV1ojopIztnqOzYIQWUSk07Ie4OlTrA-t97_2VG2tYybk2XcRJzNmBOvxtTemjdgdyp3mab5rouE9tdsQdt9jqLPi-H-3dQqJVvPQRWSNkTDtwhMErPKXegLqp3zklOGNQBSMwkoQ-YPGkmIOSIvjfvD_zgOIo:1q6zyS:EENuNx9xU-fsnZZYkf4jtCLAPfLSmQnWGgNzhBMjAw8",
      "expire_date": "2023-06-14T20:41:44.192Z"
    }
  },
  {
    "model": "sessions.session",
    "pk": "5iehquoqbtmvcu2unghnh43308lbmmje",
    "fields": {
      "session_data": "eyJjYXJ0Ijp7IjEiOjF9fQ:1q806a:xyqPavJUf6EC9w0mYGbPcPwvveNbU3K4hWo2RcbvVj8",
      "expire_date": "2023-06-17T15:02:16.225Z"
    }
  },
  {
    "model": "sessions.session",
    "pk": "5wyr00ahx8fxk2zc0cv7ywnxxk08mwiq",
    "fields": {
      "session_data": ".eJxVjEEOwiAQRe_C2pBCkQGX7j0DYWZAqgaS0q6Md7dNutDtf-_9twhxXUpYe5rDxOIitDj9bhjpmeoO-BHrvUlqdZknlLsiD9rlrXF6XQ_376DEXrbawsjglc3ebtGQ1VlrB9axIdDGo8OoYEiJkaJ3QETKDJy1ziOC4Sw-X9qtOD8:1pxlLj:LfrioFtWe7C2PZrxD-i6wjHYBTmQiQWp4yDuWDYDudA",
      "expire_date": "2023-05-27T09:15:35.513Z"
    }
  },
  {
    "model": "sessions.session",
    "pk": "65fho53quhrxxm5k87amvxc34n08qaqp",
    "fields": {
      "session_data": ".eJxVjEEOwiAQRe_C2pBCkQGX7j0DYWZAqgaS0q6Md7dNutDtf-_9twhxXUpYe5rDxOIitDj9bhjpmeoO-BHrvUlqdZknlLsiD9rlrXF6XQ_376DEXrbawsjglc3ebtGQ1VlrB9axIdDGo8OoYEiJkaJ3QETKDJy1ziOC4Sw-X9qtOD8:1pxlfZ:nHFh3HKaoF93UKqAbUtl5EP8QCrGBWm627EbDyAG_I8",
      "expire_date": "2023-05-27T09:36:05.291Z"
    }
  },
  {
    "model": "sessions.session",
    "pk": "6a38wqc5vq16amfcobvsr76bkyk73wtj",
    "fields": {
      "session_data": ".eJxVjMsOwiAQRf-FtSEURh4u3fcbyAAzUjU0Ke3K-O_apAvd3nPOfYmI21rj1mmJUxEXoZU4_Y4J84PaTsod222WeW7rMiW5K_KgXY5zoef1cP8OKvb6rVXKCMxcKODgSNlzYKOd9gDBgSc2DIoYqSg1kEWTrclkINhE2VMR7w8lLzkA:1q7vdp:jDBgVXp3BAUenxx4dim8WaHHvAjh6Ezty9bQNAluFtY",
      "expire_date": "2023-06-17T10:16:17.849Z"
    }
  },
  {
    "model": "sessions.session",
    "pk": "6r59zogjo2u445rq6552a1qo3eg4qlqc",
    "fields": {
      "session_data": "eyJjYXJ0Ijp7IjEiOjEsIjYiOjN9fQ:1qCmj9:7kW36iYa5cAYG_0d2Vp7reHorOiV78_gbT7Qziy9Gkc",
      "expire_date": "2023-06-30T19:45:51.881Z"
    }
  },
  {
    "model": "sessions.session",
    "pk": "7m7wjzczih2ekhorph81bpk4khn2okf4",
    "fields": {
      "session_data": ".eJxVjMsOwiAQRf-FtSF0eBRcuvcbyDAMUjU0Ke3K-O_apAvd3nPOfYmI21rj1nmJUxZnASBOv2NCenDbSb5ju82S5rYuU5K7Ig_a5XXO_Lwc7t9BxV6_tVbkDCjvIbHjMRjPBTVaMiE5LDSgM0igNWAu6Ggs1qjkgyK0xsMg3h8J6Tgp:1q7vh5:LDyQV-QR6KuWaFNjDNYcbGeV8hHpQpGsvPdxBVdKijI",
      "expire_date": "2023-06-17T10:19:39.844Z"
    }
  },
  {
    "model": "sessions.session",
    "pk": "8kjywhj8qjg9yk5y9kb9ehsuxi8m8g1a",
    "fields": {
      "session_data": ".eJxVjDEOwjAMRe-SGUV1ojopIztnqOzYIQWUSk07Ie4OlTrA-t97_2VG2tYybk2XcRJzNmBOvxtTemjdgdyp3mab5rouE9tdsQdt9jqLPi-H-3dQqJVvPQRWSNkTDtwhMErPKXegLqp3zklOGNQBSMwkoQ-YPGkmIOSIvjfvD_zgOIo:1qD3Bo:IeiR4-49UjbR7p1CaFmgmoY-fEsfeL8T7d58NyqlxII",
      "expire_date": "2023-07-01T13:20:32.993Z"
    }
  },
  {
    "model": "sessions.session",
    "pk": "8ld5l1z52fhbaq01xpztsk1dvk5zcyx9",
    "fields": {
      "session_data": "e30:1pxlV4:o5CC_c4dWJtVLR0FgiuHxjJwFYPNEKjsHab76y9HoAU",
      "expire_date": "2023-05-27T09:25:14.817Z"
    }
  },
  {
    "model": "sessions.session",
    "pk": "9eqrgxklo3iugp9j83ghx61xg43z7yfs",
    "fields": {
      "session_data": ".eJxVjDkOwjAQAP_iGlnxER-U9LzB2vVucADZUpxUiL-joBTQzozmJRJsa0lb5yXNJM5CKXH6hQj5wXU3dId6azK3ui4zyj2Rh-3y2oifl6P9GxTo5ft15ACNAvLesOWgBjPqjC4bHYHRgp7AIzkeQ9SRBs3KokbyeUII4v0BC8E4rg:1q7zwT:m09SlbOuvAUkuV6gEagRp0p8dsEAkmUCF22XMs_BS1s",
      "expire_date": "2023-06-17T14:51:49.369Z"
    }
  },
  {
    "model": "sessions.session",
    "pk": "9hyoetlf8v4gpc6pa8umsxcivbu3zybs",
    "fields": {
      "session_data": ".eJxVjDsOwjAQBe_iGln-e0NJzxksr3eDA8iR4qRC3B0ipYD2zcx7iZS3taat85ImEmehozj9jpjLg9tO6J7bbZZlbusyodwVedAurzPx83K4fwc19_qtPRpibdGjDRDJRHZa2aw9aHYjKW8RaCigmCxZVBy8djCYkQKgM1G8P_8RN6Y:1q7Mwn:3nJUjk1181ddJcAKaljGpV2cA9n0IbDmrmAJccnjimY",
      "expire_date": "2023-06-15T21:13:33.340Z"
    }
  },
  {
    "model": "sessions.session",
    "pk": "9yxeyew0q8pjebb46efybaeprla2jyeq",
    "fields": {
      "session_data": ".eJxVjEEOwiAQAP_C2ZCyZQE9evcNZFk2UjWQlPZk_Lsh6UGvM5N5q0j7VuLeZY1LVhc1q9MvS8RPqUPkB9V709zqti5Jj0Qftutby_K6Hu3foFAvY5tIwDpA8sEadOgxCZGZwSEbYhdktpAnMhx4sufgATGIB8MZmIP6fAHJIzc2:1pxm8h:D-kV2C79bTc9UstZ2TjUu5ZiB34wD2YqOQczwpzRCd0",
      "expire_date": "2023-05-27T10:06:11.593Z"
    }
  },
  {
    "model": "sessions.session",
    "pk": "a32n7i9c7yiw640x8qgfqyftim0auiru",
    "fields": {
      "session_data": ".eJxVjMsOwiAQRf-FtSHDG1y67zeQgUGpGkhKuzL-uzbpQrf3nHNfLOK21riNssSZ2JmJwE6_Y8L8KG0ndMd26zz3ti5z4rvCDzr41Kk8L4f7d1Bx1G8NlixJlAKVBC0wO_BoKAVA4aQHr68GSGBKCp2hogwpq0zQ5CE7S-z9AfRWN4o:1q7vcr:XivTM5HhVC_AjVCpl4CIP2Q0IO72N0ov0ywLbZ5UiSE",
      "expire_date": "2023-06-17T10:15:17.661Z"
    }
  },
  {
    "model": "sessions.session",
    "pk": "acqcap3lnc4v0mbd1lm5p7303laca7pz",
    "fields": {
      "session_data": "eyJjYXJ0Ijp7IjEwIjoxfX0:1q5Q5H:DA72hGYwL7JP0F24Wf9LgGqUmdTGopbuJBn-454vFCU",
      "expire_date": "2023-06-17T12:10:15.760Z"
    }
  },
  {
    "model": "sessions.session",
    "pk": "awflds9k9u6eamtm71u7l6wo4ltj8pup",
    "fields": {
      "session_data": ".eJxVjDsOwjAQBe_iGln-bPyhpOcM1nrXwQHkSHFSIe4OkVJA-2bmvUTCba1p62VJE4uz0CBOv2NGepS2E75ju82S5rYuU5a7Ig_a5XXm8rwc7t9BxV6_tdFqzGh0jF5FVoEMuuICqcFytGANZ59tGALoyM5CCcykqQCgV55G8f4A6xI3qA:1q7wmB:vwMorQjwOBk_PC1SmynGhtbxO8lu6NGTHZBaSa60SZ4",
      "expire_date": "2023-06-17T11:28:59.271Z"
    }
  },
  {
    "model": "sessions.session",
    "pk": "ciog9pe4w3gfbs76lsrvo5ryyquq6pi7",
    "fields": {
      "session_data": ".eJxVjEsOAiEQBe_C2hBg-DQu3XsG0g2NjJohmc_KeHedZBa6fVX1XiLhtra0LTynsYizMCBOvyNhfvC0k3LH6dZl7tM6jyR3RR50kdde-Hk53L-Dhkv71iHGzDgUG5SroGsgTewslKi8Np6jVQ4Y7GCgKqboqWg0BpRmZdGSeH8A-rc3gA:1q9slY:WS9Hh8BjKtHYxB5lnrrUYuAmDGmkVnpwaUP-uuBUEYc",
      "expire_date": "2023-06-22T19:36:20.288Z"
    }
  },
  {
    "model": "sessions.session",
    "pk": "cqypr7dsfbmf0k0dtobmi98aopr4fuu7",
    "fields": {
      "session_data": ".eJxVjEsOgzAMBe_idRXhRHEoy-57BmQ7TqGtQOKzQty9RWLD9s3M20B5WqDZgKCJ-w1aXpeuXWeb2j5DAwiXTVg_Nhwgv3l4jU7HYZl6cYfiTjq755jt-zjdy0HHc_ev70kMtQSmu1SEQjmKlgrN1xa897koJfOIuS6cU0ykga0wMklNIcL-A_LrPL8:1q6FNd:mjmZ5Py6OQNgHltHUABZFMnh5cbjKEJdjKK_uvNl6ZQ",
      "expire_date": "2023-06-12T18:56:37.215Z"
    }
  },
  {
    "model": "sessions.session",
    "pk": "d5dzvp901rogbj3byhuwlaex7q0l3wyv",
    "fields": {
      "session_data": ".eJxVjDEOwjAMRe-SGUV1ojopIztnqOzYIQWUSk07Ie4OlTrA-t97_2VG2tYybk2XcRJzNmBOvxtTemjdgdyp3mab5rouE9tdsQdt9jqLPi-H-3dQqJVvPQRWSNkTDtwhMErPKXegLqp3zklOGNQBSMwkoQ-YPGkmIOSIvjfvD_zgOIo:1q2yA4:12xIs7cGVUBZA42a4KWKkFkc4KcK_iB5yP5OZGnwM7s",
      "expire_date": "2023-06-10T17:57:04.160Z"
    }
  },
  {
    "model": "sessions.session",
    "pk": "dey2tdb0e0tmem38f9277x2u67nf8nve",
    "fields": {
      "session_data": ".eJxVjDsOwjAQBe_iGln-bPyhpOcM1nrXwQHkSHFSIe4OkVJA-2bmvUTCba1p62VJE4uz0CBOv2NGepS2E75ju82S5rYuU5a7Ig_a5XXm8rwc7t9BxV6_tdFqzGh0jF5FVoEMuuICqcFytGANZ59tGALoyM5CCcykqQCgV55G8f4A6xI3qA:1q7MeT:TBOfj-4-EGg27e5S26cRAfLmEDMfjasAJX6lQ2lVYtE",
      "expire_date": "2023-06-15T20:54:37.024Z"
    }
  },
  {
    "model": "sessions.session",
    "pk": "eyg9ch3maz1ho3fftz12ldnk10idn4j5",
    "fields": {
      "session_data": ".eJxVjDsOwyAQBe9CHSGWnyFlep8BLQsEJxGWjF1FuXtsyUXSvpl5bxZwW2vYel7ClNiVgWGX3zEiPXM7SHpgu8-c5rYuU-SHwk_a-Tin_Lqd7t9BxV732iFQsgXIiIhKaC8dWe-lUo4cIiqkQdlsBEApFslqr3dOEgokO0j2-QIDZDem:1q7Mk6:SMo7FNhw17fdg1gYfRxVO0eX-V3jsshsQhLF9uJZeXg",
      "expire_date": "2023-06-15T21:00:26.932Z"
    }
  },
  {
    "model": "sessions.session",
    "pk": "fuid8qyn9vnf90wquutwc6hp3ayhidql",
    "fields": {
      "session_data": ".eJxVjDsOwjAQRO_iGlnxf5eSPmewdv0hAZRIcVIh7k4ipYBuNO_NvEWkbR3i1soSxyyuQnlx-S2Z0rNMB8kPmu6zTPO0LiPLQ5EnbbKfc3ndTvfvYKA27GsTCGyxGbODABxqx177SuiANFbrUi1GcReUV5qNowp7AI0JoUPD4vMF_Zs3Yw:1q7Mvi:7hidQmRmKozupUzHUjdRYiVIO7ZfVcxaXLFYAyLSxG0",
      "expire_date": "2023-06-15T21:12:26.471Z"
    }
  },
  {
    "model": "sessions.session",
    "pk": "h88wsubdxi9moauvl982sbbhr20m02gj",
    "fields": {
      "session_data": "eyJjYXJ0Ijp7IjEiOjF9fQ:1q6zm4:lbBtv8XS3lV8q2q81pxQkgTFSv4wR-Oovkuh_4LDeR8",
      "expire_date": "2023-06-14T20:28:56.652Z"
    }
  },
  {
    "model": "sessions.session",
    "pk": "hc3mtxnv0xc0b1ve9n9bnu7zlcltpdaf",
    "fields": {
      "session_data": "eyJjYXJ0Ijp7fX0:1q5NtS:mjuhIbvE0Ac0tBAfshrB5FZUXtlKWtv7W8SlbKmisNo",
      "expire_date": "2023-06-17T09:49:54.934Z"
    }
  },
  {
    "model": "sessions.session",
    "pk": "hpb9s1b5t0q783pnqx0nly2xx899f6s6",
    "fields": {
      "session_data": ".eJxVjDEOwjAMRe-SGUV1ojopIztnqOzYIQWUSk07Ie4OlTrA-t97_2VG2tYybk2XcRJzNmBOvxtTemjdgdyp3mab5rouE9tdsQdt9jqLPi-H-3dQqJVvPQRWSNkTDtwhMErPKXegLqp3zklOGNQBSMwkoQ-YPGkmIOSIvjfvD_zgOIo:1q6zfV:cnI0d0vumO7wAIupltiByhfP_cqWNUjJAgfrPZTIoi4",
      "expire_date": "2023-06-14T20:22:09.925Z"
    }
  },
  {
    "model": "sessions.session",
    "pk": "hqda8sbem7lkljwom2s6cox69xfv02ab",
    "fields": {
      "session_data": "eyJjYXJ0Ijp7IjYiOjEsIjciOjEsIjEiOjF9fQ:1q4okY:xsq_7bQ8-Bp5laQHGS5Ite63DplqOvPEEpIjdYvedIQ",
      "expire_date": "2023-06-15T20:18:22.733Z"
    }
  },
  {
    "model": "sessions.session",
    "pk": "hucjh9p7cjb54ba0e8704kkruer9qdcw",
    "fields": {
      "session_data": "eyJjYXJ0Ijp7IjciOjEsIjYiOjN9fQ:1q5Q4o:tGiCgQZUAs2H4HRBGGlSqSKUpFQN-TvTgSrdmhc814g",
      "expire_date": "2023-06-17T12:09:46.502Z"
    }
  },
  {
    "model": "sessions.session",
    "pk": "hwao7gcrzas5xcps8ju51fh1wzkeufvq",
    "fields": {
      "session_data": ".eJxVjDEOwjAMRe-SGUV1ojopIztnqOzYIQWUSk07Ie4OlTrA-t97_2VG2tYybk2XcRJzNmBOvxtTemjdgdyp3mab5rouE9tdsQdt9jqLPi-H-3dQqJVvPQRWSNkTDtwhMErPKXegLqp3zklOGNQBSMwkoQ-YPGkmIOSIvjfvD_zgOIo:1q9Via:_qrbUuKPB0x0zzx2gchjVntInRSjKq9u38jm3f5wnbs",
      "expire_date": "2023-06-21T18:59:44.769Z"
    }
  },
  {
    "model": "sessions.session",
    "pk": "is2hpo2xi6q2g5hk5cva9q1egn311qyg",
    "fields": {
      "session_data": ".eJxVjEEOgyAQRe_CuiEORLBddt8zkGEY1GogAVw0Te9eTdy4_e-9_xUr1uYIG4-5fMRD8MpLKznNC4qbcLi1yW2Vi5vDTuG6eaSF0wHCG9OYJeXUyuzlociTVvnKgdfn6V4OJqzTXt-tZ6Co0dx9Z8Cb0HuKHbAaWCulQiRjWQGEIWKwvTWkkSMCGj8Y3YvfHwHeQ4I:1pu8Hx:he0JDNOOE0cwNmRIFdYwEdGHplitCqTzR4v13KcOvgA",
      "expire_date": "2023-05-17T08:56:41.865Z"
    }
  },
  {
    "model": "sessions.session",
    "pk": "k6guy9lr52vetq1pp8i8w9xxzjde912r",
    "fields": {
      "session_data": ".eJxVjEEOgkAMRe8yazOhQ6GDS_eegbTT4qAGEgZWxrsrCQvd_vfef7metzX3W7GlH9WdXUB3-h2F08Omneidp9vs0zytyyh-V_xBi7_Oas_L4f4dZC75WyPHgbhqIlLTQmWgFoIkFKi5GyARKFtAUVJkEkm1gWBlRtS1kcW9Pw-dOLQ:1q80GQ:AUNMKir6Q-QEzXxXzyYM6aW8QcN3SeR5_7SEal9FPlI",
      "expire_date": "2023-06-17T15:12:26.199Z"
    }
  },
  {
    "model": "sessions.session",
    "pk": "kdru3099m5tyw03xwfpqokhqv26at6m7",
    "fields": {
      "session_data": "eyJjYXJ0Ijp7IjgiOjR9fQ:1q5Wz0:373TwY8LbcfRlZ6Jv7vgESnmcA7MY2-QT6cu30B45Jc",
      "expire_date": "2023-06-10T19:32:14.371Z"
    }
  },
  {
    "model": "sessions.session",
    "pk": "ktuqq18toxzlbl6bcmxlx6v8d2tcnbde",
    "fields": {
      "session_data": ".eJxVjDEOwjAMRe-SGUV1ojopIztnqOzYIQWUSk07Ie4OlTrA-t97_2VG2tYybk2XcRJzNmBOvxtTemjdgdyp3mab5rouE9tdsQdt9jqLPi-H-3dQqJVvPQRWSNkTDtwhMErPKXegLqp3zklOGNQBSMwkoQ-YPGkmIOSIvjfvD_zgOIo:1qC3aZ:SYpo8j_ZcQEdcHcxQ_jPkvBSX1cWav_ctjfcAw79f08",
      "expire_date": "2023-06-28T19:33:59.771Z"
    }
  },
  {
    "model": "sessions.session",
    "pk": "lbtbhhi3d96ldfjbyqyvb7qn5j9vt0xf",
    "fields": {
      "session_data": ".eJxVjEEOwiAQRe_C2pBMW2Bw6d4zkIEZpGogKe3KeHdt0oVu_3vvv1SgbS1h67KEmdVZAarT7xgpPaTuhO9Ub02nVtdljnpX9EG7vjaW5-Vw_w4K9fKtM4oRNzhE9GgtZDc5ccayZIAUR-8gsyEG8QTe-wGQOcYpmQwjk1HvDwFVODg:1q7vZo:bCBZq4DXsOC3pHt43l3D_U9-PCewfZ_cLpNo3-dbjbs",
      "expire_date": "2023-06-17T10:12:08.306Z"
    }
  },
  {
    "model": "sessions.session",
    "pk": "lf410y0fnvpfswi0ek6ui7xidx66rgnq",
    "fields": {
      "session_data": ".eJxVjDEOwjAMRe-SGUV1ojopIztnqOzYIQWUSk07Ie4OlTrA-t97_2VG2tYybk2XcRJzNmBOvxtTemjdgdyp3mab5rouE9tdsQdt9jqLPi-H-3dQqJVvPQRWSNkTDtwhMErPKXegLqp3zklOGNQBSMwkoQ-YPGkmIOSIvjfvD_zgOIo:1q0koO:szzgpsaBFGMwdNukSG4OzWxDbRf9JtYiVvuC2_YI6G4",
      "expire_date": "2023-06-04T15:17:32.932Z"
    }
  },
  {
    "model": "sessions.session",
    "pk": "lg77bk6e4bnavddkstw85puuwieceb5p",
    "fields": {
      "session_data": "eyJjYXJ0Ijp7IjExIjoxfX0:1qD5i8:qDk2Jyz5DRazBsD0Zzdd6h7e7OafKhaC3iS8fn2ec9E",
      "expire_date": "2023-07-01T16:02:04.439Z"
    }
  },
  {
    "model": "sessions.session",
    "pk": "ljtxvvepdt5vdbjizqr278h8tcji2vqg",
    "fields": {
      "session_data": ".eJxVjDEOwjAMRe-SGUUxMcRlZO8ZIid2SQE1UtNOiLtDpQ6w_vfef5nI61Li2nSOo5iLAWcOv2Pi_NBpI3Ln6VZtrtMyj8luit1ps30VfV539--gcCvf2rkMgijskZMGDeSJtGMSSIQDyyno-cicu4wC4MGJEgRVSYMgs3l_AB7hOUU:1q5QI9:dvJgVtWaxob3K9C5YD7M2V1MWE4CbO51EkGpmpKCBH4",
      "expire_date": "2023-06-17T12:23:33.990Z"
    }
  },
  {
    "model": "sessions.session",
    "pk": "ma5gv4nio69ft0q3umdhumer8cloldw4",
    "fields": {
      "session_data": ".eJxVjMsOwiAQRf-FtSEwUGbq0n2_gQwPpWogKe3K-O_apAvd3nPOfQnP21r81vPi5yTOQhtx-h0Dx0euO0l3rrcmY6vrMge5K_KgXU4t5eflcP8OCvfyrY0lNDigG5xKgMFpBMUqRyBDEcBZuGrFqBVQInA4Uoyatc3KjJBBvD-3azYa:1q7Mby:05J7rFMiGguN-1XtPL_CzOTg_nIGsy7MZSZPWL7Hc-Y",
      "expire_date": "2023-06-15T20:52:02.437Z"
    }
  },
  {
    "model": "sessions.session",
    "pk": "mdyzrovsbo0tadm17rcdmapjclvh7adv",
    "fields": {
      "session_data": ".eJxVjMsOwiAQRf-FtSEgjyku3fsNZBimUjWQlHZl_HfbpAvd3nPOfYuI61Li2nmOUxYXMYjT75aQnlx3kB9Y701Sq8s8Jbkr8qBd3lrm1_Vw_w4K9rLVyp4dsmHntM2eHCUDoMmBSgo0APtAAEGH0bMFhGHDyo7JauTsjBKfL8RSNvQ:1q5Q02:7diSOFK5S1BSTzVFduLAIu-jeUhJSgbAkau0DHPUjWU",
      "expire_date": "2023-06-17T12:04:50.738Z"
    }
  },
  {
    "model": "sessions.session",
    "pk": "mqj648godo3fhibma6bs1tdn7zww54k1",
    "fields": {
      "session_data": ".eJxVjDsOwjAQBe_iGln-aP2hpOcM1nq9xgHkSHFSIe4OkVJA-2bmvUTCbW1pG7ykqYizsEqcfseM9OC-k3LHfpslzX1dpix3RR50yOtc-Hk53L-DhqN9a7CuatJFYybjWXtTM2CgUhwAK8uGNdsYMzivQjDMusaQQw2KnAEr3h8TnjgO:1qC3Vo:DhSm5vXQ9seMXq6-yQ6tJRhE9opjormXI7LeiBsowv0",
      "expire_date": "2023-06-28T19:29:04.847Z"
    }
  },
  {
    "model": "sessions.session",
    "pk": "o4nlq5aroqf8ine1rtm513jzewhn9jxp",
    "fields": {
      "session_data": ".eJxVjDEOwjAMRe-SGUV1ojopIztnqOzYIQWUSk07Ie4OlTrA-t97_2VG2tYybk2XcRJzNmBOvxtTemjdgdyp3mab5rouE9tdsQdt9jqLPi-H-3dQqJVvPQRWSNkTDtwhMErPKXegLqp3zklOGNQBSMwkoQ-YPGkmIOSIvjfvD_zgOIo:1pzMix:4PTfhI6vhg5JHQoOLVFGt-ym6ViT-50ZQ6Vtu_6yMeY",
      "expire_date": "2023-05-31T19:22:11.587Z"
    }
  },
  {
    "model": "sessions.session",
    "pk": "ors40pjj0kq5kd9ksiw9qazfpo1vh0rg",
    "fields": {
      "session_data": "eyJjYXJ0Ijp7IjgiOjF9fQ:1q9s74:6dr5JDtTIOe64rHRJQrlJWnOlXLJ0sfZVscu8Mo8tso",
      "expire_date": "2023-06-22T18:54:30.293Z"
    }
  },
  {
    "model": "sessions.session",
    "pk": "ort27ye9pzgbxeitm0uk7akovl081eb0",
    "fields": {
      "session_data": ".eJxVjDsOgzAQRO_iOrKwF_9SpucM1q69xCSRkTBUUe4ekCiSbjTvzbxFxG0tcWu8xCmLqwAlLr8lYXpyPUh-YL3PMs11XSaShyJP2uQwZ37dTvfvoGAr-1opDuxG4zGFYC3vuffGJWVsSMZrIgZLmrLvfcaQfAfgoHPBaAaDo_h8AQY4N84:1qC3qK:uucb3OA1YUOAflDganHFzy-CbKcy0hPN7YxWo6khzc4",
      "expire_date": "2023-06-28T19:50:16.188Z"
    }
  },
  {
    "model": "sessions.session",
    "pk": "pq5vxgqxd9186vrvhayigu39317da4fu",
    "fields": {
      "session_data": ".eJxVjDsOwjAQBe_iGln2Wv4sJT1nsGzvLg6gRMqnQtwdIqWA9s3Me6lctrXnbeE5D6TOCqw6_Y61tAePO6F7GW-TbtO4zkPVu6IPuujrRPy8HO7fQS9L_9YoyNG7Rg6qi8khO4lR0EsiaAlEgKAmZDaIACaYKGSrrdGHYMSp9wcHPTfN:1q7vfX:6kTJcQ2zIzKbcwwk7CTqDohqYT53VAe9NjAdcU-WI7Y",
      "expire_date": "2023-06-17T10:18:03.530Z"
    }
  },
  {
    "model": "sessions.session",
    "pk": "q6n4rj9aj7nca8r3qoycirkp7vs2qoe0",
    "fields": {
      "session_data": ".eJxVjDsOwjAQBe_iGln-bPyhpOcM1nrXwQHkSHFSIe4OkVJA-2bmvUTCba1p62VJE4uz0CBOv2NGepS2E75ju82S5rYuU5a7Ig_a5XXm8rwc7t9BxV6_tdFqzGh0jF5FVoEMuuICqcFytGANZ59tGALoyM5CCcykqQCgV55G8f4A6xI3qA:1q7wod:zyi4-IdsjamkmGdzUnX0Kb2AKDI28PuXEumLJA-x87c",
      "expire_date": "2023-06-17T11:31:31.531Z"
    }
  },
  {
    "model": "sessions.session",
    "pk": "qbjkoud336etdvjsebrazel0rkl07r9z",
    "fields": {
      "session_data": ".eJxVjDEOwjAMRe-SGUV1ojopIztnqOzYIQWUSk07Ie4OlTrA-t97_2VG2tYybk2XcRJzNmBOvxtTemjdgdyp3mab5rouE9tdsQdt9jqLPi-H-3dQqJVvPQRWSNkTDtwhMErPKXegLqp3zklOGNQBSMwkoQ-YPGkmIOSIvjfvD_zgOIo:1qBiMM:J3OuxCIGHSknk7FO8Bh0hHZ2SPi2DBQ1BdScv0Ao02o",
      "expire_date": "2023-06-27T20:53:54.441Z"
    }
  },
  {
    "model": "sessions.session",
    "pk": "qeqw4j9rqkzo0r087z56y9nxmuptqmgc",
    "fields": {
      "session_data": "eyJjYXJ0Ijp7IjciOjV9fQ:1q5kmU:KNm7tS_Nk-9XRBDva2N9ld395jBdq1Y3fVrqb7d5JHk",
      "expire_date": "2023-06-11T10:16:14.616Z"
    }
  },
  {
    "model": "sessions.session",
    "pk": "r5msgumq4w44wjuhzg164m2i2w0m5kg2",
    "fields": {
      "session_data": ".eJxVjDsOwjAQBe_iGlnx-pNASZ8zWOvdNQ4gR4qTCnF3iJQC2jcz76UibmuJW5MlTqwuCqw6_Y4J6SF1J3zHeps1zXVdpqR3RR-06XFmeV4P9--gYCvfOgyM2LN1HRm0LGB6yRkYHJDP2ZoA3CVMIXgmCmTsOUgmkx0YQD-o9wclWDit:1q80EO:72UVe7c5nssdFe3kPksYSKdTZ94QgTJNpKb_RZYUOBY",
      "expire_date": "2023-06-17T15:10:20.689Z"
    }
  },
  {
    "model": "sessions.session",
    "pk": "rs36rhghtabdzwnghpmbramh14ku0hu9",
    "fields": {
      "session_data": ".eJxVjEEOwiAQRe_C2hCgDIhL9z0DmYFBqoYmpV0Z765NutDtf-_9l4i4rTVunZc4ZXERVpx-N8L04LaDfMd2m2Wa27pMJHdFHrTLcc78vB7u30HFXr-1CYadN1ppE6jkYtTgQmCnz-wAvFcMPmUgYJ0oGRdQWygDEyAqG5R4fwDAPzdG:1pvay1:tQzoMC7AL40nhZ0BO-RcdojfQbVshoTdu6AwJ4Ngs28",
      "expire_date": "2023-05-21T09:46:09.463Z"
    }
  },
  {
    "model": "sessions.session",
    "pk": "rzqtznudn7316a2hrbb9y3cjpqxgjnjn",
    "fields": {
      "session_data": "eyJjYXJ0Ijp7IjYiOjF9fQ:1q4oOT:kiC9yRYJXZOp1VvyTU1C-6_iRBwqI7DKccrN_b3SYOc",
      "expire_date": "2023-06-15T19:55:33.784Z"
    }
  },
  {
    "model": "sessions.session",
    "pk": "t9y9m5i55zs5163askq2rztaklnhs8i1",
    "fields": {
      "session_data": ".eJw9jEEKwzAMBP-icw6-9OLPGNdVUmHFNpIKDcF_rwppjzs7zAmc1VLJhluXAyIgYzXpjWqGBVZiQ1GIJ-zU0hAq6JI_e37_5y2E4MjI-HrdVeulQlwzK3pIEJM-aQxq20XnAtrF8PHN349fzuSFc34A_tM1OA:1ptl4e:PkmtuF8A85ytmsVPb3CrZV5SvjpszUxCg9ipxZCaxGI",
      "expire_date": "2023-05-16T08:09:24.223Z"
    }
  },
  {
    "model": "sessions.session",
    "pk": "tyixvwg3l3ctfg8vftzc58dw2lyjo3ou",
    "fields": {
      "session_data": "eyJjYXJ0Ijp7IjExIjoxLCI2IjoxLCI3IjoxLCI5IjoxfX0:1q4ohI:CHC7MjlCKeAFS5fNHvCHt5JE2FxBXjwQzvH-qFdjk18",
      "expire_date": "2023-06-15T20:15:00.623Z"
    }
  },
  {
    "model": "sessions.session",
    "pk": "v01ngb1uv6uf68zbl6wz7qvhqzz6kixm",
    "fields": {
      "session_data": ".eJxVjMsOwiAQRf-FtSEgjyku3fsNZBimUjWQlHZl_HfbpAvd3nPOfYuI61Li2nmOUxYXMYjT75aQnlx3kB9Y701Sq8s8Jbkr8qBd3lrm1_Vw_w4K9rLVyp4dsmHntM2eHCUDoMmBSgo0APtAAEGH0bMFhGHDyo7JauTsjBKfL8RSNvQ:1q5Plg:SaLIFlgpyJwiUf4C0Y9Y1l4ntxNfyMmkfmR8W70Ad4o",
      "expire_date": "2023-06-17T11:50:00.971Z"
    }
  },
  {
    "model": "sessions.session",
    "pk": "v6pidh5zzmb6ynw2vihf9loci8c20ixh",
    "fields": {
      "session_data": ".eJxVjEEOwiAQAP_C2ZCyZQE9evcNZFk2UjWQlPZk_Lsh6UGvM5N5q0j7VuLeZY1LVhc1q9MvS8RPqUPkB9V709zqti5Jj0Qftutby_K6Hu3foFAvY5tIwDpA8sEadOgxCZGZwSEbYhdktpAnMhx4sufgATGIB8MZmIP6fAHJIzc2:1pxlx5:T6Ly-9T50uEXARK8FlDXOjRABw7V8-UqXHNoZ6_uHA0",
      "expire_date": "2023-05-27T09:54:11.284Z"
    }
  },
  {
    "model": "sessions.session",
    "pk": "vb7eivuolon00t0c50b6vimiwfjcvc50",
    "fields": {
      "session_data": "eyJjYXJ0Ijp7IjIyIjoxLCIxMCI6MSwiMTEiOjV9fQ:1q5RTa:tBGrh5usohPCA9gF0xLx6AuFm24LgnHYjeHdlsgsm4Q",
      "expire_date": "2023-06-17T13:39:26.013Z"
    }
  },
  {
    "model": "sessions.session",
    "pk": "vm8y2r60h05p8ldlpngnntm4nebcoov1",
    "fields": {
      "session_data": ".eJxVjEEOwiAQRe_C2pAgMIBL956BzMAgVQNJaVeNd9cmXej2v_f-JiKuS43r4DlOWVyEFaffjTA9ue0gP7Ddu0y9LfNEclfkQYe89cyv6-H-HVQc9VsbAxodcSlobeCAPp21USprygZIJ9IlIxcLzhsm54IFJKSgELyHIt4fAGE4qg:1pxmSj:TOpZnP3Ou5FQbfSS7lcwBGIcRtclnn9LLZJMn2xa56s",
      "expire_date": "2023-05-27T10:26:53.216Z"
    }
  },
  {
    "model": "sessions.session",
    "pk": "wrog8isgeimjyr18zroofwfm3bi5i3i0",
    "fields": {
      "session_data": "eyJjYXJ0Ijp7IjYiOjF9fQ:1q7MSZ:gU-eJG3aHK6C1OwqtccEBdilb30oepGBacja9HNWkwg",
      "expire_date": "2023-06-15T20:42:19.686Z"
    }
  },
  {
    "model": "sessions.session",
    "pk": "zrp8ff3mghq6ilzwcu6jmlk3gcikyd84",
    "fields": {
      "session_data": ".eJxVjDsOwjAQRO_iGlnyNzYlPWew1rtrHECOFCdVxN1JpBSg6ea9mU0kWJea1s5zGklchdLi8ltmwBe3g9AT2mOSOLVlHrM8FHnSLu8T8ft2un8HFXrd1wENKJ33sPUuGLAaQ_aD1uyoRLZsBowqEoZoMvjobHHgolZAuTCIzxcC0Dhu:1q7MPz:l1ugZ6MFs2Lv52rviyNcbu_jeV-nUcXq4nGBjgzLZTg",
      "expire_date": "2023-06-15T20:39:39.251Z"
    }
  },
  {
    "model": "app_user.profile",
    "pk": 2,
    "fields": {
      "user": 1,
      "full_name": "Стафеев Дмитрий Олегович",
      "phone_number": "9027448564",
      "address": "Москва, ул.Корнева, 36",
      "avatar": "images/profiles/admin/avatar/cs-go-avatars-vk-pixelbox.ru-37.jpg",
      "deleted": false
    }
  },
  {
    "model": "app_user.profile",
    "pk": 21,
    "fields": {
      "user": 23,
      "full_name": "Валера",
      "phone_number": "9027448561",
      "address": "Москва, ул.Корнева, 36",
      "avatar": "",
      "deleted": false
    }
  },
  {
    "model": "app_user.profile",
    "pk": 22,
    "fields": {
      "user": 24,
      "full_name": "Чукча",
      "phone_number": "0005670034",
      "address": "",
      "avatar": "",
      "deleted": false
    }
  },
  {
    "model": "app_user.profile",
    "pk": 23,
    "fields": {
      "user": 28,
      "full_name": "Дмитрий Лже",
      "phone_number": "0000340001",
      "address": "",
      "avatar": "",
      "deleted": false
    }
  },
  {
    "model": "app_user.profile",
    "pk": 24,
    "fields": {
      "user": 30,
      "full_name": "Дмитрий Олегович Стафеев 2",
      "phone_number": "9029448561",
      "address": "",
      "avatar": "",
      "deleted": false
    }
  },
  {
    "model": "app_user.profile",
    "pk": 25,
    "fields": {
      "user": 31,
      "full_name": "Дмитрий Олегович Стафеев",
      "phone_number": "9032148561",
      "address": "",
      "avatar": "",
      "deleted": false
    }
  },
  {
    "model": "app_user.buyer",
    "pk": 2,
    "fields": {
      "profile": 2,
      "deleted": false
    }
  },
  {
    "model": "app_shop.categoryproduct",
    "pk": 7,
    "fields": {
      "title": "Бытовая техника",
      "slug": "byitovaya-tehnika",
      "icon": "images/categories/icons/byitovaya-tehnika/appliances.svg",
      "image": "images/categories/images/byitovaya-tehnika/appliances-img.png",
      "selected": true,
      "deleted": false,
      "parent": null,
      "lft": 1,
      "rght": 6,
      "tree_id": 1,
      "level": 0
    }
  },
  {
    "model": "app_shop.categoryproduct",
    "pk": 8,
    "fields": {
      "title": "Электроника",
      "slug": "elektronika",
      "icon": "images/categories/icons/elektronika/electronics.svg",
      "image": "images/categories/images/elektronika/electronics-img.png",
      "selected": false,
      "deleted": false,
      "parent": null,
      "lft": 1,
      "rght": 8,
      "tree_id": 12,
      "level": 0
    }
  },
  {
    "model": "app_shop.categoryproduct",
    "pk": 9,
    "fields": {
      "title": "Смартфоны",
      "slug": "smartfonyi",
      "icon": "",
      "image": "images/categories/images/smartfonyi/phones-img.png",
      "selected": false,
      "deleted": false,
      "parent": 8,
      "lft": 4,
      "rght": 5,
      "tree_id": 12,
      "level": 1
    }
  },
  {
    "model": "app_shop.categoryproduct",
    "pk": 19,
    "fields": {
      "title": "Телевизоры",
      "slug": "televizoryi",
      "icon": "",
      "image": "images/categories/images/televizoryi/tv-img.png",
      "selected": true,
      "deleted": false,
      "parent": 8,
      "lft": 6,
      "rght": 7,
      "tree_id": 12,
      "level": 1
    }
  },
  {
    "model": "app_shop.categoryproduct",
    "pk": 20,
    "fields": {
      "title": "Холодильники",
      "slug": "holodilniki",
      "icon": "",
      "image": "images/categories/images/holodilniki/holodilnik-img.png",
      "selected": false,
      "deleted": false,
      "parent": 7,
      "lft": 4,
      "rght": 5,
      "tree_id": 1,
      "level": 1
    }
  },
  {
    "model": "app_shop.categoryproduct",
    "pk": 21,
    "fields": {
      "title": "Микроволновки",
      "slug": "mikrovolnovki",
      "icon": "",
      "image": "images/categories/images/mikrovolnovki/microwaves-img.png",
      "selected": false,
      "deleted": false,
      "parent": 7,
      "lft": 2,
      "rght": 3,
      "tree_id": 1,
      "level": 1
    }
  },
  {
    "model": "app_shop.categoryproduct",
    "pk": 22,
    "fields": {
      "title": "Аудио",
      "slug": "audio",
      "icon": "",
      "image": "images/categories/images/audio/audio-img.png",
      "selected": true,
      "deleted": false,
      "parent": 8,
      "lft": 2,
      "rght": 3,
      "tree_id": 12,
      "level": 1
    }
  },
  {
    "model": "app_shop.categoryproduct",
    "pk": 23,
    "fields": {
      "title": "Одежда",
      "slug": "odezhda",
      "icon": "images/categories/icons/odezhda/clothes-icon.svg",
      "image": "images/categories/images/odezhda/clothes-img.png",
      "selected": false,
      "deleted": false,
      "parent": null,
      "lft": 1,
      "rght": 2,
      "tree_id": 10,
      "level": 0
    }
  },
  {
    "model": "app_shop.categoryproduct",
    "pk": 24,
    "fields": {
      "title": "Книги",
      "slug": "knigi",
      "icon": "images/categories/icons/knigi/books-icon.svg",
      "image": "images/categories/images/knigi/books-img.png",
      "selected": false,
      "deleted": false,
      "parent": null,
      "lft": 1,
      "rght": 2,
      "tree_id": 5,
      "level": 0
    }
  },
  {
    "model": "app_shop.categoryproduct",
    "pk": 25,
    "fields": {
      "title": "Мебель",
      "slug": "mebel",
      "icon": "images/categories/icons/mebel/furniture-icon.svg",
      "image": "images/categories/images/mebel/furniture-img.png",
      "selected": false,
      "deleted": false,
      "parent": null,
      "lft": 1,
      "rght": 2,
      "tree_id": 8,
      "level": 0
    }
  },
  {
    "model": "app_shop.categoryproduct",
    "pk": 26,
    "fields": {
      "title": "Продукты питания",
      "slug": "produktyi-pitaniya",
      "icon": "images/categories/icons/produktyi-pitaniya/food-icon.svg",
      "image": "images/categories/images/produktyi-pitaniya/products-img.png",
      "selected": false,
      "deleted": false,
      "parent": null,
      "lft": 1,
      "rght": 2,
      "tree_id": 11,
      "level": 0
    }
  },
  {
    "model": "app_shop.categoryproduct",
    "pk": 27,
    "fields": {
      "title": "Дом и сад",
      "slug": "dom-i-sad",
      "icon": "images/categories/icons/dom-i-sad/house-icon.svg",
      "image": "images/categories/images/dom-i-sad/house-and-garden-img.png",
      "selected": false,
      "deleted": false,
      "parent": null,
      "lft": 1,
      "rght": 6,
      "tree_id": 4,
      "level": 0
    }
  },
  {
    "model": "app_shop.categoryproduct",
    "pk": 28,
    "fields": {
      "title": "Освещение",
      "slug": "osveschenie",
      "icon": "",
      "image": "",
      "selected": false,
      "deleted": false,
      "parent": 27,
      "lft": 2,
      "rght": 3,
      "tree_id": 4,
      "level": 1
    }
  },
  {
    "model": "app_shop.categoryproduct",
    "pk": 29,
    "fields": {
      "title": "Посуда",
      "slug": "posuda",
      "icon": "",
      "image": "",
      "selected": false,
      "deleted": false,
      "parent": 27,
      "lft": 4,
      "rght": 5,
      "tree_id": 4,
      "level": 1
    }
  },
  {
    "model": "app_shop.categoryproduct",
    "pk": 30,
    "fields": {
      "title": "Красота и здоровье",
      "slug": "krasota-i-zdorove",
      "icon": "images/categories/icons/krasota-i-zdorove/beauty-and-health-icon.svg",
      "image": "images/categories/images/krasota-i-zdorove/beauty-img.png",
      "selected": false,
      "deleted": false,
      "parent": null,
      "lft": 1,
      "rght": 2,
      "tree_id": 7,
      "level": 0
    }
  },
  {
    "model": "app_shop.producttags",
    "pk": 1,
    "fields": {
      "name": "Apple",
      "slug": "apple",
      "deleted": false
    }
  },
  {
    "model": "app_shop.producttags",
    "pk": 2,
    "fields": {
      "name": "Яндекс",
      "slug": "yandeks",
      "deleted": false
    }
  },
  {
    "model": "app_shop.producttags",
    "pk": 5,
    "fields": {
      "name": "Tuvio",
      "slug": "tuvio",
      "deleted": false
    }
  },
  {
    "model": "app_shop.producttags",
    "pk": 6,
    "fields": {
      "name": "Sony",
      "slug": "sony",
      "deleted": false
    }
  },
  {
    "model": "app_shop.producttags",
    "pk": 7,
    "fields": {
      "name": "Weissgauff",
      "slug": "weissgauff",
      "deleted": false
    }
  },
  {
    "model": "app_shop.producttags",
    "pk": 8,
    "fields": {
      "name": "Midea",
      "slug": "midea",
      "deleted": false
    }
  },
  {
    "model": "app_shop.producttags",
    "pk": 9,
    "fields": {
      "name": "Бирюса",
      "slug": "biryusa",
      "deleted": false
    }
  },
  {
    "model": "app_shop.producttags",
    "pk": 10,
    "fields": {
      "name": "LG",
      "slug": "lg",
      "deleted": false
    }
  },
  {
    "model": "app_shop.producttags",
    "pk": 11,
    "fields": {
      "name": "Xiaomi",
      "slug": "xiaomi",
      "deleted": false
    }
  },
  {
    "model": "app_shop.producttags",
    "pk": 12,
    "fields": {
      "name": "Умный дом",
      "slug": "umnyij-dom",
      "deleted": false
    }
  },
  {
    "model": "app_shop.producttags",
    "pk": 13,
    "fields": {
      "name": "Deppa",
      "slug": "deppa",
      "deleted": false
    }
  },
  {
    "model": "app_shop.producttags",
    "pk": 14,
    "fields": {
      "name": "Nothing",
      "slug": "nothing",
      "deleted": false
    }
  },
  {
    "model": "app_shop.producttags",
    "pk": 15,
    "fields": {
      "name": "Samsung",
      "slug": "samsung",
      "deleted": false
    }
  },
  {
    "model": "app_shop.product",
    "pk": 1,
    "fields": {
      "name": "Беспроводные накладные наушники Sony Wh1000xm4b.e Black",
      "definition": "Летите ли вы в дальнее путешествие или отдыхаете в кафе, наушники WH-1000XM4 будут великолепно подавлять шум и максимально качественно передавать высоко- и среднечастотный звук.\r\nЧаши наушников оснащены двумя датчиками с микрофонами, которые обрабатывают внешний шум и отправляют данные HD-процессору QN1. С помощью нового алгоритма процессор в реальном времени применяет механизм шумоподавления в зависимости от обстановки. Вместе с новой аудиосистемой на кристалле с поддержкой Bluetooth процессор анализирует звуки, управляет воспроизведением, блокирует шумы и регулирует работу динамика с учетом различных акустических характеристик. Всё это происходит на скорости 700 раз в секунду.\r\nС помощью приложения Sony | Headphones Connect можно настроить характеристики окружающего звука, чтобы отсечь шум, но при этом слышать важные звуки, например объявления на вокзале.",
      "created_at": "2023-04-14T19:42:32.655Z",
      "characteristics": "{\"\\u0422\\u0438\\u043f \\u0443\\u0441\\u0442\\u0440\\u043e\\u0439\\u0441\\u0442\\u0432\\u0430\": \"\\u0431\\u0435\\u0441\\u043f\\u0440\\u043e\\u0432\\u043e\\u0434\\u043d\\u044b\\u0435 \\u043d\\u0430\\u0443\\u0448\\u043d\\u0438\\u043a\\u0438\", \"\\u041a\\u043e\\u043d\\u0441\\u0442\\u0440\\u0443\\u043a\\u0446\\u0438\\u044f\": \"\\u043f\\u043e\\u043b\\u043d\\u043e\\u0440\\u0430\\u0437\\u043c\\u0435\\u0440\\u043d\\u044b\\u0435\", \"\\u0422\\u0435\\u0445\\u043d\\u043e\\u043b\\u043e\\u0433\\u0438\\u044f\": \"\\u0434\\u0438\\u043d\\u0430\\u043c\\u0438\\u0447\\u0435\\u0441\\u043a\\u0438\\u0435\", \"\\u0421\\u0438\\u0441\\u0442\\u0435\\u043c\\u0430 \\u0430\\u043a\\u0442\\u0438\\u0432\\u043d\\u043e\\u0433\\u043e \\u0448\\u0443\\u043c\\u043e\\u043f\\u043e\\u0434\\u0430\\u0432\\u043b\\u0435\\u043d\\u0438\\u044f (ANC)\": \"\\u0435\\u0441\\u0442\\u044c\"}",
      "category": 22,
      "price": 2500.0,
      "discount": 10,
      "count": 100,
      "limited_edition": true,
      "deleted": false,
      "purchases": 10,
      "tags": [
        6
      ]
    }
  },
  {
    "model": "app_shop.product",
    "pk": 6,
    "fields": {
      "name": "Умная колонка Яндекс Станция Мини с часами с Алисой, черный оникс, 10Вт",
      "definition": "Яндекс.Станция Мини - обновленная версия умной колонки с голосовым ассистентом Алиса. Данная модель получила более громкий звук мощностью 10 Вт. Колонка управляется не только голосом, но и с помощью сенсорных кнопок, расположенных сверху. Алиса по-прежнему умеет управлять \"Умным домом\", подбирать музыку, знает много детских сказок, разбудит вовремя, расскажет новости или напомнит о важных делах. Станции Мини впишется в большинство интерьеров благодаря лаконичному дизайну и различным цветам. Подключается колонка к интернету по Wi-Fi, а Bluetooth 5.0 позволит подключать такие устройства, как умную лампу, пылесос и сотни других устройств.\r\nРежим радионяни:\r\nРаботая в режиме радионяни, станция передаёт все звуки из комнаты малыша. Если он проснётся или заплачет, родители это услышат.",
      "created_at": "2023-04-18T18:00:40.647Z",
      "characteristics": "{\"\\u0422\\u0438\\u043f \\u0443\\u0441\\u0442\\u0440\\u043e\\u0439\\u0441\\u0442\\u0432\\u0430\": \"\\u0431\\u0435\\u0441\\u043f\\u0440\\u043e\\u0432\\u043e\\u0434\\u043d\\u044b\\u0435 \\u043d\\u0430\\u0443\\u0448\\u043d\\u0438\\u043a\\u0438\", \"\\u041a\\u043e\\u043d\\u0441\\u0442\\u0440\\u0443\\u043a\\u0446\\u0438\\u044f\": \"\\u043f\\u043e\\u043b\\u043d\\u043e\\u0440\\u0430\\u0437\\u043c\\u0435\\u0440\\u043d\\u044b\\u0435\", \"\\u0422\\u0435\\u0445\\u043d\\u043e\\u043b\\u043e\\u0433\\u0438\\u044f\": \"\\u0434\\u0438\\u043d\\u0430\\u043c\\u0438\\u0447\\u0435\\u0441\\u043a\\u0438\\u0435\", \"\\u0421\\u0438\\u0441\\u0442\\u0435\\u043c\\u0430 \\u0430\\u043a\\u0442\\u0438\\u0432\\u043d\\u043e\\u0433\\u043e \\u0448\\u0443\\u043c\\u043e\\u043f\\u043e\\u0434\\u0430\\u0432\\u043b\\u0435\\u043d\\u0438\\u044f (ANC)\": \"\\u0435\\u0441\\u0442\\u044c\"}",
      "category": 22,
      "price": 7980.0,
      "discount": 5,
      "count": 56,
      "limited_edition": true,
      "deleted": false,
      "purchases": 6,
      "tags": [
        1,
        2
      ]
    }
  },
  {
    "model": "app_shop.product",
    "pk": 7,
    "fields": {
      "name": "Умная розетка Яндекс с Алисой, черный",
      "definition": "Устройство представляет собой блок в виде внешней электрической розетки, который подключается к электрической сети и позволяет подключить внешнее устройство к электричеству. Подключение внешнего устройства через Умную розетку Яндекса позволяет управлять его электрическим соединением через интернет (включение/выключение).",
      "created_at": "2023-04-18T18:02:07.162Z",
      "characteristics": "{\"\\u0422\\u0438\\u043f \\u0443\\u0441\\u0442\\u0440\\u043e\\u0439\\u0441\\u0442\\u0432\\u0430\": \"\\u0431\\u0435\\u0441\\u043f\\u0440\\u043e\\u0432\\u043e\\u0434\\u043d\\u044b\\u0435 \\u043d\\u0430\\u0443\\u0448\\u043d\\u0438\\u043a\\u0438\", \"\\u041a\\u043e\\u043d\\u0441\\u0442\\u0440\\u0443\\u043a\\u0446\\u0438\\u044f\": \"\\u043f\\u043e\\u043b\\u043d\\u043e\\u0440\\u0430\\u0437\\u043c\\u0435\\u0440\\u043d\\u044b\\u0435\", \"\\u0422\\u0435\\u0445\\u043d\\u043e\\u043b\\u043e\\u0433\\u0438\\u044f\": \"\\u0434\\u0438\\u043d\\u0430\\u043c\\u0438\\u0447\\u0435\\u0441\\u043a\\u0438\\u0435\", \"\\u0421\\u0438\\u0441\\u0442\\u0435\\u043c\\u0430 \\u0430\\u043a\\u0442\\u0438\\u0432\\u043d\\u043e\\u0433\\u043e \\u0448\\u0443\\u043c\\u043e\\u043f\\u043e\\u0434\\u0430\\u0432\\u043b\\u0435\\u043d\\u0438\\u044f (ANC)\": \"\\u0435\\u0441\\u0442\\u044c\"}",
      "category": 8,
      "price": 1299.0,
      "discount": 6,
      "count": 50,
      "limited_edition": true,
      "deleted": false,
      "purchases": 0,
      "tags": [
        2,
        12
      ]
    }
  },
  {
    "model": "app_shop.product",
    "pk": 8,
    "fields": {
      "name": "Умный пульт Yandex SmartControl",
      "definition": "Автоматизировать бытовую технику при помощи умного пульта Yandex SmartControl YNDX-0006 проще, чем может показаться. С его помощью можно управлять техникой, например телевизором или кондиционером, а также любым другим устройством, которое поддерживает ИК-соединение. Также осуществляется передача данных посредством технологии Wi-Fi. Используя модель, можно не только включать/выключать технику, но и настраивать её. Умный пульт Yandex SmartControl YNDX-0006 поддерживает управление с помощью голосового помощника Алисы. Для этого просто нужно сказать, что необходимо сделать, и система передаст приказ на устройство. Благодаря этому можно удалённо управлять бытовой техникой, даже если пользователь находится не дома. Для этого предварительно нужно настроить приборы и пульт.",
      "created_at": "2023-04-18T18:03:01.007Z",
      "characteristics": "{\"\\u0422\\u0438\\u043f \\u0443\\u0441\\u0442\\u0440\\u043e\\u0439\\u0441\\u0442\\u0432\\u0430\": \"\\u0431\\u0435\\u0441\\u043f\\u0440\\u043e\\u0432\\u043e\\u0434\\u043d\\u044b\\u0435 \\u043d\\u0430\\u0443\\u0448\\u043d\\u0438\\u043a\\u0438\", \"\\u041a\\u043e\\u043d\\u0441\\u0442\\u0440\\u0443\\u043a\\u0446\\u0438\\u044f\": \"\\u043f\\u043e\\u043b\\u043d\\u043e\\u0440\\u0430\\u0437\\u043c\\u0435\\u0440\\u043d\\u044b\\u0435\", \"\\u0422\\u0435\\u0445\\u043d\\u043e\\u043b\\u043e\\u0433\\u0438\\u044f\": \"\\u0434\\u0438\\u043d\\u0430\\u043c\\u0438\\u0447\\u0435\\u0441\\u043a\\u0438\\u0435\", \"\\u0421\\u0438\\u0441\\u0442\\u0435\\u043c\\u0430 \\u0430\\u043a\\u0442\\u0438\\u0432\\u043d\\u043e\\u0433\\u043e \\u0448\\u0443\\u043c\\u043e\\u043f\\u043e\\u0434\\u0430\\u0432\\u043b\\u0435\\u043d\\u0438\\u044f (ANC)\": \"\\u0435\\u0441\\u0442\\u044c\"}",
      "category": 8,
      "price": 1189.0,
      "discount": 10,
      "count": 77,
      "limited_edition": true,
      "deleted": false,
      "purchases": 15,
      "tags": [
        2
      ]
    }
  },
  {
    "model": "app_shop.product",
    "pk": 9,
    "fields": {
      "name": "Чехол силиконовый Deppa для AirPods Pro 2 (D-47340) 1.3мм с ремешком Черный",
      "definition": "Силиконовый чехол Deppa для наушников Apple AirPods Pro 2 - стильное и практичное дополнение для любимого аксессуара.\r\nЧехол для AirPods Pro 2 плотно прилегает к зарядному футляру и надежно защищает его от досадных царапин и сколов, неизбежных при ежедневном активном использовании наушников.\r\nТонкий чехол из высококачественного силикона не препятствует беспроводной зарядке и имеет специальную заглушку для разъема заряда.",
      "created_at": "2023-04-18T18:04:33.207Z",
      "characteristics": "{\"\\u0422\\u0438\\u043f \\u0443\\u0441\\u0442\\u0440\\u043e\\u0439\\u0441\\u0442\\u0432\\u0430\": \"\\u0431\\u0435\\u0441\\u043f\\u0440\\u043e\\u0432\\u043e\\u0434\\u043d\\u044b\\u0435 \\u043d\\u0430\\u0443\\u0448\\u043d\\u0438\\u043a\\u0438\", \"\\u041a\\u043e\\u043d\\u0441\\u0442\\u0440\\u0443\\u043a\\u0446\\u0438\\u044f\": \"\\u043f\\u043e\\u043b\\u043d\\u043e\\u0440\\u0430\\u0437\\u043c\\u0435\\u0440\\u043d\\u044b\\u0435\", \"\\u0422\\u0435\\u0445\\u043d\\u043e\\u043b\\u043e\\u0433\\u0438\\u044f\": \"\\u0434\\u0438\\u043d\\u0430\\u043c\\u0438\\u0447\\u0435\\u0441\\u043a\\u0438\\u0435\", \"\\u0421\\u0438\\u0441\\u0442\\u0435\\u043c\\u0430 \\u0430\\u043a\\u0442\\u0438\\u0432\\u043d\\u043e\\u0433\\u043e \\u0448\\u0443\\u043c\\u043e\\u043f\\u043e\\u0434\\u0430\\u0432\\u043b\\u0435\\u043d\\u0438\\u044f (ANC)\": \"\\u0435\\u0441\\u0442\\u044c\"}",
      "category": 22,
      "price": 420.0,
      "discount": 0,
      "count": 888,
      "limited_edition": false,
      "deleted": false,
      "purchases": 0,
      "tags": [
        13
      ]
    }
  },
  {
    "model": "app_shop.product",
    "pk": 10,
    "fields": {
      "name": "Микроволновая печь Tuvio MS8S20SM1, серый/серебристый",
      "definition": "Tuvio — это бренд удобной бытовой техники для домашней семейной жизни, придуманный в Яндексе.\r\nМикроволновая печь Tuvio станет настоящим помощником на кухне. Кроме привычных разморозки и подогрева, поможет с готовкой (у этой модели повышенная мощность — 800 Вт). Ей можно доверить завтрак, обед и ужин — среди программ автоприготовления найдется всё от каши до пиццы. Еще один приятный бонус — отложенное приготовление. Объем камеры — 20 л. Диаметр поворотной тарелки — 245 мм.",
      "created_at": "2023-05-04T13:17:12.869Z",
      "characteristics": "{\"\\u041e\\u0431\\u044a\\u0435\\u043c\": \"20 \\u043b\", \"\\u0420\\u0430\\u0441\\u043f\\u043e\\u043b\\u043e\\u0436\\u0435\\u043d\\u0438\\u0435\": \"\\u043e\\u0442\\u0434\\u0435\\u043b\\u044c\\u043d\\u043e \\u0441\\u0442\\u043e\\u044f\\u0449\\u0430\\u044f\", \"\\u0414\\u0438\\u0430\\u043c\\u0435\\u0442\\u0440 \\u043f\\u043e\\u0434\\u0434\\u043e\\u043d\\u0430\": \"255 \\u043c\\u043c\", \"\\u0412\\u043d\\u0443\\u0442\\u0440\\u0435\\u043d\\u043d\\u0435\\u0435 \\u043f\\u043e\\u043a\\u0440\\u044b\\u0442\\u0438\\u0435 \\u043a\\u0430\\u043c\\u0435\\u0440\\u044b\": \"\\u044d\\u043c\\u0430\\u043b\\u044c\"}",
      "category": 21,
      "price": 6990.0,
      "discount": 21,
      "count": 500,
      "limited_edition": false,
      "deleted": false,
      "purchases": 0,
      "tags": [
        5
      ]
    }
  },
  {
    "model": "app_shop.product",
    "pk": 11,
    "fields": {
      "name": "Холодильник Weissgauff WRK 2000 X Full NoFrost, нержавеющая сталь",
      "definition": "Отдельностоящий холодильник Weissgauff, выполненный в современном дизайне с фасадом в цвете \"нержавеющая сталь\", обладающий полной системой размораживания Full No Frost и фантастической вместительностью - это соотношение превосходной эргономики внутреннего пространства, технологического совершенства и великолепия внешнего дизайна!\r\nГабариты устройства 595 х 630 х 2010 мм - это оптимальные параметры, при выборе которых инженеры Weissgauff руководствовались целью создать для вас максимально вместительный и функциональный холодильник, который при этом окажется удобен в установке и не будет занимать лишнее место на вашей кухне!",
      "created_at": "2023-05-04T13:20:29.442Z",
      "characteristics": "{\"\\u0412\\u044b\\u0441\\u043e\\u0442\\u0430\": \"201 \\u0441\\u043c\", \"\\u0428\\u0438\\u0440\\u0438\\u043d\\u0430\": \"60 \\u0441\\u043c\", \"\\u0413\\u043b\\u0443\\u0431\\u0438\\u043d\\u0430\": \"63 \\u0441\\u043c\", \"\\u041e\\u0431\\u0449\\u0438\\u0439 \\u043e\\u0431\\u044a\\u0435\\u043c\": \"360 \\u043b\"}",
      "category": 20,
      "price": 33000.0,
      "discount": 15,
      "count": 654,
      "limited_edition": false,
      "deleted": false,
      "purchases": 0,
      "tags": [
        7
      ]
    }
  },
  {
    "model": "app_shop.product",
    "pk": 12,
    "fields": {
      "name": "Холодильник Midea MDRD86SLF01 Ретро",
      "definition": "Холодильник компактный MDRD86SLF01 решит вопрос с хранением продуктовых припасов в офисе, на даче или в гостинице. Вместительность модели составляет 47 л. Модель оснащена отдельной холодильной камерой с низкотемпературной зоной, регулируемыми ножками и перенавешиваемой дверцей. В дверце имеются \"балкончики\" для бутылок с напитками и герметичных упаковок с йогуртами и сырами. Холодильник выглядит стильно и привлекательно. Эффектный дизайн, наличие базового функционала и удобные размеры - главные преимущества модели для повседневной жизни.",
      "created_at": "2023-05-04T13:30:05.887Z",
      "characteristics": "{\"\\u0426\\u0432\\u0435\\u0442\": \"\\u0431\\u0435\\u043b\\u044b\\u0439\", \"\\u0428\\u0445\\u0412\\u0445\\u0413\": \"48.50\\u044550\\u044544 \\u0441\\u043c\", \"\\u041e\\u0431\\u0449\\u0438\\u0439 \\u043e\\u0431\\u044a\\u0435\\u043c\": \"47 \\u043b\", \"\\u0420\\u0430\\u0437\\u043c\\u043e\\u0440\\u0430\\u0436\\u0438\\u0432\\u0430\\u043d\\u0438\\u0435 \\u043c\\u043e\\u0440\\u043e\\u0437\\u0438\\u043b\\u044c\\u043d\\u043e\\u0439 \\u043a\\u0430\\u043c\\u0435\\u0440\\u044b\": \"\\u0440\\u0443\\u0447\\u043d\\u043e\\u0435\", \"\\u041a\\u043b\\u0430\\u0441\\u0441 \\u044d\\u043d\\u0435\\u0440\\u0433\\u043e\\u043f\\u043e\\u0442\\u0440\\u0435\\u0431\\u043b\\u0435\\u043d\\u0438\\u044f\": \"A+\", \"\\u041e\\u0431\\u044a\\u0435\\u043c \\u0445\\u043e\\u043b\\u043e\\u0434\\u0438\\u043b\\u044c\\u043d\\u043e\\u0439 \\u043a\\u0430\\u043c\\u0435\\u0440\\u044b\": \"46 \\u043b\", \"\\u0422\\u0438\\u043f \\u043a\\u043e\\u043c\\u043f\\u0440\\u0435\\u0441\\u0441\\u043e\\u0440\\u0430\": \"\\u0441\\u0442\\u0430\\u043d\\u0434\\u0430\\u0440\\u0442\\u043d\\u044b\\u0439\", \"\\u041e\\u0441\\u043e\\u0431\\u0435\\u043d\\u043d\\u043e\\u0441\\u0442\\u0438 \\u043a\\u043e\\u043d\\u0441\\u0442\\u0440\\u0443\\u043a\\u0446\\u0438\\u0438\": \"\\u0430\\u043d\\u0442\\u0438\\u0431\\u0430\\u043a\\u0442\\u0435\\u0440\\u0438\\u0430\\u043b\\u044c\\u043d\\u043e\\u0435 \\u043f\\u043e\\u043a\\u0440\\u044b\\u0442\\u0438\\u0435, \\u0440\\u0443\\u0447\\u043a\\u0430 \\u0441 \\u0442\\u043e\\u043b\\u043a\\u0430\\u0442\\u0435\\u043b\\u0435\\u043c\", \"\\u0414\\u043e\\u043f\\u043e\\u043b\\u043d\\u0438\\u0442\\u0435\\u043b\\u044c\\u043d\\u044b\\u0435 \\u0444\\u0443\\u043d\\u043a\\u0446\\u0438\\u0438\": \"\\u043d\\u0438\\u0437\\u043a\\u043e\\u0442\\u0435\\u043c\\u043f\\u0435\\u0440\\u0430\\u0442\\u0443\\u0440\\u043d\\u043e\\u0435 \\u043e\\u0442\\u0434\\u0435\\u043b\\u0435\\u043d\\u0438\\u0435\"}",
      "category": 20,
      "price": 16890.0,
      "discount": 50,
      "count": 34,
      "limited_edition": true,
      "deleted": false,
      "purchases": 0,
      "tags": [
        8
      ]
    }
  },
  {
    "model": "app_shop.product",
    "pk": 13,
    "fields": {
      "name": "Тестовый товар",
      "definition": "ТЕстовое описание",
      "created_at": "2023-05-04T13:32:28.292Z",
      "characteristics": "{\"\\u041f\\u0430\\u0440\\u0430\\u043c\\u0435\\u0442\\u04401\": \"\\u0435\\u0441\\u0442\\u044c\", \"\\u041f\\u0430\\u0440\\u0430\\u043c\\u0435\\u0442\\u04402\": \"\\u0435\\u0441\\u0442\\u044c\", \"\\u041f\\u0430\\u0440\\u0430\\u043c\\u0435\\u0442\\u04403\": \"\\u0435\\u0441\\u0442\\u044c\", \"\\u041f\\u0430\\u0440\\u0430\\u043c\\u0435\\u0442\\u04404\": \"\\u0435\\u0441\\u0442\\u044c\", \"\\u041f\\u0430\\u0440\\u0430\\u043c\\u0435\\u0442\\u04405\": \"\\u0435\\u0441\\u0442\\u044c\", \"\\u041f\\u0430\\u0440\\u0430\\u043c\\u0435\\u0442\\u04406\": \"\\u0435\\u0441\\u0442\\u044c\", \"\\u041f\\u0430\\u0440\\u0430\\u043c\\u0435\\u0442\\u04407\": \"\\u0435\\u0441\\u0442\\u044c\", \"\\u041f\\u0430\\u0440\\u0430\\u043c\\u0435\\u0442\\u04408\": \"\\u0435\\u0441\\u0442\\u044c\"}",
      "category": 7,
      "price": 100.0,
      "discount": 5,
      "count": 1,
      "limited_edition": false,
      "deleted": true,
      "purchases": 0,
      "tags": [
        2
      ]
    }
  },
  {
    "model": "app_shop.product",
    "pk": 14,
    "fields": {
      "name": "Холодильник Бирюса 70, белый",
      "definition": "Холодильник Бирюса 70 – компактен и надежен! Устройство создано на основе современного компрессора с малым энергопотреблением и низким уровнем шума. Оно соответствует классу экономичности А+. Вы сможете легко хранить свежие продукты, не опасаясь за нехватку места. Красивый дизайн поможет вписаться в любой интерьер. Полки холодильника выполнены из металла, что позволяет им выдерживать значительные нагрузки. Пользоваться этим холодильником очень просто благодаря удобному электромеханическому управлению.",
      "created_at": "2023-05-04T13:37:38.327Z",
      "characteristics": "{\"\\u0428\\u0445\\u0412\\u0445\\u0413\": \"44.50\\u044563\\u044551 \\u0441\\u043c\", \"\\u041e\\u0431\\u0449\\u0438\\u0439 \\u043e\\u0431\\u044a\\u0435\\u043c\": \"67 \\u043b\", \"\\u0420\\u0430\\u0437\\u043c\\u043e\\u0440\\u0430\\u0436\\u0438\\u0432\\u0430\\u043d\\u0438\\u0435\": \"\\u0440\\u0443\\u0447\\u043d\\u043e\\u0435\", \"\\u041a\\u043b\\u0430\\u0441\\u0441 \\u044d\\u043d\\u0435\\u0440\\u0433\\u043e\\u043f\\u043e\\u0442\\u0440\\u0435\\u0431\\u043b\\u0435\\u043d\\u0438\\u044f\": \"A+\", \"\\u041e\\u0431\\u044a\\u0435\\u043c \\u0445\\u043e\\u043b\\u043e\\u0434\\u0438\\u043b\\u044c\\u043d\\u043e\\u0439 \\u043a\\u0430\\u043c\\u0435\\u0440\\u044b\": \"66 \\u043b\", \"\\u0422\\u0438\\u043f \\u043a\\u043e\\u043c\\u043f\\u0440\\u0435\\u0441\\u0441\\u043e\\u0440\\u0430\": \"\\u0441\\u0442\\u0430\\u043d\\u0434\\u0430\\u0440\\u0442\\u043d\\u044b\\u0439\", \"\\u041e\\u0441\\u043e\\u0431\\u0435\\u043d\\u043d\\u043e\\u0441\\u0442\\u0438 \\u043a\\u043e\\u043d\\u0441\\u0442\\u0440\\u0443\\u043a\\u0446\\u0438\\u0438\": \"\\u043f\\u0435\\u0440\\u0435\\u0432\\u0435\\u0448\\u0438\\u0432\\u0430\\u0435\\u043c\\u044b\\u0435 \\u0434\\u0432\\u0435\\u0440\\u0438\", \"\\u0414\\u043e\\u043f\\u043e\\u043b\\u043d\\u0438\\u0442\\u0435\\u043b\\u044c\\u043d\\u044b\\u0435 \\u0444\\u0443\\u043d\\u043a\\u0446\\u0438\\u0438\": \"\\u043b\\u044c\\u0434\\u043e\\u0433\\u0435\\u043d\\u0435\\u0440\\u0430\\u0442\\u043e\\u0440\"}",
      "category": 20,
      "price": 8340.0,
      "discount": 0,
      "count": 65,
      "limited_edition": true,
      "deleted": false,
      "purchases": 0,
      "tags": [
        9
      ]
    }
  },
  {
    "model": "app_shop.product",
    "pk": 15,
    "fields": {
      "name": "Микроволновая печь Tuvio MS7M20WE1, белый",
      "definition": "Tuvio — это бренд удобной бытовой техники для домашней семейной жизни, придуманный в Яндексе.\r\nМикроволновая печь Tuvio — простая и надежная модель, которая выручит в самых разных ситуациях. Приготовит суп и второе, если вам некогда стоять у плиты. Поддержит ваши кулинарные замыслы — от запекания рыбы до кипячения молока. Объем камеры — 20 л. Диаметр поворотной тарелки — 255 мм.",
      "created_at": "2023-05-05T10:06:10.347Z",
      "characteristics": "{\"\\u041e\\u0431\\u044a\\u0435\\u043c\": \"20 \\u043b\", \"\\u041c\\u043e\\u0449\\u043d\\u043e\\u0441\\u0442\\u044c\": \"700 \\u0412\\u0442\", \"\\u0412\\u043d\\u0443\\u0442\\u0440\\u0435\\u043d\\u043d\\u0435\\u0435 \\u043f\\u043e\\u043a\\u0440\\u044b\\u0442\\u0438\\u0435 \\u043a\\u0430\\u043c\\u0435\\u0440\\u044b\": \"\\u044d\\u043c\\u0430\\u043b\\u044c\", \"\\u0414\\u0438\\u0430\\u043c\\u0435\\u0442\\u0440 \\u043f\\u043e\\u0434\\u0434\\u043e\\u043d\\u0430\": \"255 \\u043c\\u043c\", \"\\u041f\\u0435\\u0440\\u0435\\u043a\\u043b\\u044e\\u0447\\u0430\\u0442\\u0435\\u043b\\u0438\": \"\\u043f\\u043e\\u0432\\u043e\\u0440\\u043e\\u0442\\u043d\\u044b\\u0435 \\u043c\\u0435\\u0445\\u0430\\u043d\\u0438\\u0447\\u0435\\u0441\\u043a\\u0438\\u0435\", \"\\u0420\\u0435\\u0436\\u0438\\u043c\\u044b \\u0440\\u0430\\u0431\\u043e\\u0442\\u044b\": \"\\u0440\\u0430\\u0437\\u043c\\u043e\\u0440\\u043e\\u0437\\u043a\\u0430\", \"\\u0414\\u043e\\u043f\\u043e\\u043b\\u043d\\u0438\\u0442\\u0435\\u043b\\u044c\\u043d\\u044b\\u0435 \\u0440\\u0435\\u0436\\u0438\\u043c\\u044b\": \"\\u0437\\u0432\\u0443\\u043a\\u043e\\u0432\\u043e\\u0439 \\u0441\\u0438\\u0433\\u043d\\u0430\\u043b \\u043e\\u0442\\u043a\\u043b\\u044e\\u0447\\u0435\\u043d\\u0438\\u044f\", \"\\u041e\\u0441\\u043e\\u0431\\u0435\\u043d\\u043d\\u043e\\u0441\\u0442\\u0438\": \"\\u043f\\u043e\\u0434\\u0441\\u0432\\u0435\\u0442\\u043a\\u0430 \\u043a\\u0430\\u043c\\u0435\\u0440\\u044b\", \"\\u0428\\u0445\\u0412\\u0445\\u0413\": \"44\\u044525\\u044535 \\u0441\\u043c\"}",
      "category": 21,
      "price": 5990.0,
      "discount": 20,
      "count": 678,
      "limited_edition": false,
      "deleted": false,
      "purchases": 0,
      "tags": [
        5
      ]
    }
  },
  {
    "model": "app_shop.product",
    "pk": 16,
    "fields": {
      "name": "Микроволновая печь LG MS2042DB, черный",
      "definition": "Микроволновая печь LG MS2042DB со специальным легко очищаемым покрытием оснащена технологией i-Wave, которая позволяет обеспечить проникновение тепла по всей поверхности блюда и равномерное приготовление пищи. Сенсорный дисплей, звуковой сигнал, подсветка камеры и возможность блокировки от детей сделают использование комфортным и безопасным.",
      "created_at": "2023-05-05T10:17:10.493Z",
      "characteristics": "{\"\\u041e\\u0431\\u044a\\u0435\\u043c\": \"20 \\u043b\", \"\\u041c\\u043e\\u0449\\u043d\\u043e\\u0441\\u0442\\u044c\": \"700 \\u0412\\u0442\", \"\\u0412\\u043d\\u0443\\u0442\\u0440\\u0435\\u043d\\u043d\\u0435\\u0435 \\u043f\\u043e\\u043a\\u0440\\u044b\\u0442\\u0438\\u0435 \\u043a\\u0430\\u043c\\u0435\\u0440\\u044b\": \"\\u044d\\u043c\\u0430\\u043b\\u044c\", \"\\u0414\\u0438\\u0430\\u043c\\u0435\\u0442\\u0440 \\u043f\\u043e\\u0434\\u0434\\u043e\\u043d\\u0430\": \"245 \\u043c\\u043c\", \"\\u041f\\u0435\\u0440\\u0435\\u043a\\u043b\\u044e\\u0447\\u0430\\u0442\\u0435\\u043b\\u0438\": \"\\u0441\\u0435\\u043d\\u0441\\u043e\\u0440\\u043d\\u044b\\u0435\", \"\\u0420\\u0435\\u0436\\u0438\\u043c\\u044b \\u0440\\u0430\\u0431\\u043e\\u0442\\u044b\": \"\\u0420\\u0430\\u0437\\u043c\\u043e\\u0440\\u043e\\u0437\\u043a\\u0430, \\u0421\\u043e\\u043b\\u043e\", \"\\u0414\\u043e\\u043f\\u043e\\u043b\\u043d\\u0438\\u0442\\u0435\\u043b\\u044c\\u043d\\u044b\\u0435 \\u0440\\u0435\\u0436\\u0438\\u043c\\u044b\": \"\\u0430\\u0432\\u0442\\u043e\\u043c\\u0430\\u0442\\u0438\\u0447\\u0435\\u0441\\u043a\\u0430\\u044f \\u0440\\u0430\\u0437\\u043c\\u043e\\u0440\\u043e\\u0437\\u043a\\u0430, \\u0430\\u0432\\u0442\\u043e\\u043c\\u0430\\u0442\\u0438\\u0447\\u0435\\u0441\\u043a\\u043e\\u0435 \\u043f\\u0440\\u0438\\u0433\\u043e\\u0442\\u043e\\u0432\\u043b\\u0435\\u043d\\u0438\\u0435, \\u0437\\u0432\\u0443\\u043a\\u043e\\u0432\\u043e\\u0439 \\u0441\\u0438\\u0433\\u043d\\u0430\\u043b \\u043e\\u0442\\u043a\\u043b\\u044e\\u0447\\u0435\\u043d\\u0438\\u044f, \\u0443\\u0441\\u043a\\u043e\\u0440\\u0435\\u043d\\u043d\\u0430\\u044f \\u0440\\u0430\\u0437\\u043c\\u043e\\u0440\\u043e\\u0437\\u043a\\u0430\", \"\\u041e\\u0441\\u043e\\u0431\\u0435\\u043d\\u043d\\u043e\\u0441\\u0442\\u0438\": \"\\u0431\\u043b\\u043e\\u043a\\u0438\\u0440\\u043e\\u0432\\u043a\\u0430 \\u043e\\u0442 \\u0434\\u0435\\u0442\\u0435\\u0439, \\u0434\\u0438\\u0441\\u043f\\u043b\\u0435\\u0439, \\u043f\\u043e\\u0434\\u0441\\u0432\\u0435\\u0442\\u043a\\u0430 \\u043a\\u0430\\u043c\\u0435\\u0440\\u044b, \\u0441\\u0438\\u0441\\u0442\\u0435\\u043c\\u0430 \\u0440\\u0430\\u0432\\u043d\\u043e\\u043c\\u0435\\u0440\\u043d\\u043e\\u0433\\u043e \\u0440\\u0430\\u0441\\u043f\\u0440\\u0435\\u0434\\u0435\\u043b\\u0435\\u043d\\u0438\\u044f \\u043c\\u0438\\u043a\\u0440\\u043e\\u0432\\u043e\\u043b\\u043d, \\u0411\\u044b\\u0441\\u0442\\u0440\\u044b\\u0439 \\u0441\\u0442\\u0430\\u0440\\u0442, \\u041f\\u0440\\u043e\\u0433\\u0440\\u0430\\u043c\\u043c\\u0438\\u0440\\u043e\\u0432\\u0430\\u043d\\u0438\\u0435 \\u0440\\u0435\\u0446\\u0435\\u043f\\u0442\\u043e\\u0432, \\u0420\\u0435\\u0436\\u0438\\u043c \\u044d\\u043d\\u0435\\u0440\\u0433\\u043e\\u0441\\u0431\\u0435\\u0440\\u0435\\u0436\\u0435\\u043d\\u0438\\u044f, \\u0421 \\u043f\\u043e\\u0432\\u043e\\u0440\\u043e\\u0442\\u043d\\u044b\\u043c \\u0441\\u0442\\u043e\\u043b\\u043e\\u043c, \\u0422\\u0430\\u0439\\u043c\\u0435\\u0440, \\u0427\\u0430\\u0441\\u044b\", \"\\u0428\\u0445\\u0412\\u0445\\u0413\": \"45.50\\u044528.40\\u044531.20 \\u0441\\u043c\"}",
      "category": 21,
      "price": 9090.0,
      "discount": 0,
      "count": 53,
      "limited_edition": true,
      "deleted": false,
      "purchases": 0,
      "tags": [
        10
      ]
    }
  },
  {
    "model": "app_shop.product",
    "pk": 17,
    "fields": {
      "name": "50” Телевизор Tuvio 4K ULTRA HD DLED на платформе Яндекс.ТВ, STV-50FDUBK1R, черный",
      "definition": "Tuvio — это бренд удобной бытовой техники для домашней семейной жизни, придуманный в Яндексе. Телевизор Tuvio Frameless 4K Ultra HD DLED 50’’ на платформе Яндекс.ТВ превратит комнату в уютное место для отдыха. Пульт с голосовым управлением сделает поиск нужного контента быстрым и удобным. Вам доступны десятки телеканалов, а также сотни фильмов и сериалов из интернета. Благодаря разрешению 4K Ultra HD и увеличенной яркости 300 кд/м2 привычное видео заиграет новыми красками.",
      "created_at": "2023-05-05T10:24:53.771Z",
      "characteristics": "{\"\\u0414\\u0438\\u0430\\u0433\\u043e\\u043d\\u0430\\u043b\\u044c\": \"50 \\u0434\\u044e\\u0439\\u043c\\u043e\\u0432\", \"\\u0420\\u0430\\u0437\\u0440\\u0435\\u0448\\u0435\\u043d\\u0438\\u0435 HD\": \"4K UHD\", \"\\u0422\\u0435\\u0445\\u043d\\u043e\\u043b\\u043e\\u0433\\u0438\\u044f \\u044d\\u043a\\u0440\\u0430\\u043d\\u0430\": \"LED\", \"\\u0427\\u0430\\u0441\\u0442\\u043e\\u0442\\u0430 \\u043e\\u0431\\u043d\\u043e\\u0432\\u043b\\u0435\\u043d\\u0438\\u044f \\u044d\\u043a\\u0440\\u0430\\u043d\\u0430\": \"60 \\u0413\\u0446\", \"\\u042f\\u0440\\u043a\\u043e\\u0441\\u0442\\u044c\": \"300 \\u043a\\u0434/\\u043c\\u00b2\", \"\\u0420\\u0430\\u0437\\u044a\\u0435\\u043c\\u044b \\u0438 \\u0438\\u043d\\u0442\\u0435\\u0440\\u0444\\u0435\\u0439\\u0441\\u044b\": \"AV-\\u0432\\u0445\\u043e\\u0434, Ethernet - RJ-45, USB Type-A x 2, \\u0432\\u0445\\u043e\\u0434 HDMI x 3, \\u0432\\u044b\\u0445\\u043e\\u0434 \\u0430\\u0443\\u0434\\u0438\\u043e \\u0446\\u0438\\u0444\\u0440\\u043e\\u0432\\u043e\\u0439 \\u043e\\u043f\\u0442\\u0438\\u0447\\u0435\\u0441\\u043a\\u0438\\u0439, \\u0441\\u043b\\u043e\\u0442 CI/CI+\", \"\\u0411\\u0435\\u0441\\u043f\\u0440\\u043e\\u0432\\u043e\\u0434\\u043d\\u0430\\u044f \\u0441\\u0432\\u044f\\u0437\\u044c\": \"Bluetooth, Wi-Fi\", \"\\u0413\\u043e\\u0434 \\u0441\\u043e\\u0437\\u0434\\u0430\\u043d\\u0438\\u044f \\u043c\\u043e\\u0434\\u0435\\u043b\\u0438\": \"2023\", \"\\u041f\\u043b\\u0430\\u0442\\u0444\\u043e\\u0440\\u043c\\u0430 Smart TV\": \"\\u042f\\u043d\\u0434\\u0435\\u043a\\u0441 \\u0422\\u0412\", \"\\u042d\\u043a\\u043e\\u0441\\u0438\\u0441\\u0442\\u0435\\u043c\\u0430 \\u0443\\u043c\\u043d\\u043e\\u0433\\u043e \\u0434\\u043e\\u043c\\u0430\": \"\\u0423\\u043c\\u043d\\u044b\\u0439 \\u0434\\u043e\\u043c \\u042f\\u043d\\u0434\\u0435\\u043a\\u0441\\u0430\", \"\\u0420\\u0430\\u0437\\u0440\\u0435\\u0448\\u0435\\u043d\\u0438\\u0435\": \"3840x2160\", \"\\u0422\\u0438\\u043f \\u043c\\u0430\\u0442\\u0440\\u0438\\u0446\\u044b \\u044d\\u043a\\u0440\\u0430\\u043d\\u0430\": \"S-MVA\", \"\\u0422\\u0438\\u043f \\u043f\\u043e\\u0434\\u0441\\u0432\\u0435\\u0442\\u043a\\u0438\": \"Direct LED\", \"\\u0424\\u043e\\u0440\\u043c\\u0430\\u0442\\u044b HDR\": \"HDR10\", \"\\u041c\\u043e\\u0449\\u043d\\u043e\\u0441\\u0442\\u044c \\u0437\\u0432\\u0443\\u043a\\u0430\": \"20 \\u0412\\u0442\"}",
      "category": 19,
      "price": 30990.0,
      "discount": 26,
      "count": 32,
      "limited_edition": true,
      "deleted": false,
      "purchases": 0,
      "tags": [
        5
      ]
    }
  },
  {
    "model": "app_shop.product",
    "pk": 18,
    "fields": {
      "name": "50\" Телевизор Xiaomi TV A2 50 LED, HDR RU, черный",
      "definition": "Xiaomi TV A2 Series – В серии умных телевизоров Xiaomi TV A2 каждый найдет для себя самый подходящий вариант, ведь они представлены в четырех диагоналях: 32, 43, 50 и 55 дюймов. Независимо от размера, каждый из этих телевизоров предлагает все современные функции Android TV и способен управлять домашней техникой, совместимой с Google Assistant. Рамки вокруг экранов вновь существенно уменьшились, обеспечивая еще более ощутимый эффект присутствия. Благодаря частоте обновления до 60 Гц картинка стала еще плавнее и реалистичнее, а поддержка Dolby Audio, DTS-X и DTS Virtual:X гарантирует максимум удовольствия от качества звука. Как и прежде, центральным элементом является Patchwall – собственная разработка Xiaomi, которая позволяет с удобством объединять все ваши подписки на контент, обеспечивая максимально просом доступ к любимым фильмам, сериалам и телешоу.",
      "created_at": "2023-05-05T10:30:02.615Z",
      "characteristics": "{\"\\u0414\\u0438\\u0430\\u0433\\u043e\\u043d\\u0430\\u043b\\u044c\": \"49.5 \\u0434\\u044e\\u0439\\u043c\\u043e\\u0432\", \"\\u0420\\u0430\\u0437\\u0440\\u0435\\u0448\\u0435\\u043d\\u0438\\u0435 HD\": \"4K UHD\", \"\\u0422\\u0435\\u0445\\u043d\\u043e\\u043b\\u043e\\u0433\\u0438\\u044f \\u044d\\u043a\\u0440\\u0430\\u043d\\u0430\": \"HDR, LED\", \"\\u0427\\u0430\\u0441\\u0442\\u043e\\u0442\\u0430 \\u043e\\u0431\\u043d\\u043e\\u0432\\u043b\\u0435\\u043d\\u0438\\u044f \\u044d\\u043a\\u0440\\u0430\\u043d\\u0430\": \"60 \\u0413\\u0446\", \"\\u042f\\u0440\\u043a\\u043e\\u0441\\u0442\\u044c\": \"250 \\u043a\\u0434/\\u043c\\u00b2\", \"\\u0420\\u0430\\u0437\\u044a\\u0435\\u043c\\u044b \\u0438 \\u0438\\u043d\\u0442\\u0435\\u0440\\u0444\\u0435\\u0439\\u0441\\u044b\": \"AV-\\u0432\\u0445\\u043e\\u0434, Ethernet - RJ-45, USB Type-A x 2, \\u0432\\u0445\\u043e\\u0434 HDMI x 3, \\u0432\\u044b\\u0445\\u043e\\u0434 \\u0430\\u0443\\u0434\\u0438\\u043e \\u0446\\u0438\\u0444\\u0440\\u043e\\u0432\\u043e\\u0439 \\u043e\\u043f\\u0442\\u0438\\u0447\\u0435\\u0441\\u043a\\u0438\\u0439, \\u0432\\u044b\\u0445\\u043e\\u0434 \\u043d\\u0430 \\u043d\\u0430\\u0443\\u0448\\u043d\\u0438\\u043a\\u0438, \\u0441\\u043b\\u043e\\u0442 CI\", \"\\u0411\\u0435\\u0441\\u043f\\u0440\\u043e\\u0432\\u043e\\u0434\\u043d\\u0430\\u044f \\u0441\\u0432\\u044f\\u0437\\u044c\": \"Bluetooth, Wi-Fi\", \"\\u041f\\u043b\\u0430\\u0442\\u0444\\u043e\\u0440\\u043c\\u0430 Smart TV\": \"Android TV\", \"\\u0420\\u0430\\u0437\\u0440\\u0435\\u0448\\u0435\\u043d\\u0438\\u0435\": \"3840x2160\", \"\\u0424\\u043e\\u0440\\u043c\\u0430\\u0442\\u044b HDR\": \"Dolby Vision, HDR10, HLG\", \"\\u041c\\u043e\\u0449\\u043d\\u043e\\u0441\\u0442\\u044c \\u0437\\u0432\\u0443\\u043a\\u0430\": \"24 \\u0412\\u0442\"}",
      "category": 19,
      "price": 34180.0,
      "discount": 0,
      "count": 763,
      "limited_edition": false,
      "deleted": false,
      "purchases": 45,
      "tags": [
        11
      ]
    }
  },
  {
    "model": "app_shop.product",
    "pk": 19,
    "fields": {
      "name": "Смартфон Xiaomi 13 12/256 ГБ Global, Dual nano SIM, черный",
      "definition": "Xiaomi 13 хорош как внешне, так и на ощупь. Сдержанные линии корпуса и округлые углы подчеркивают его простую красоту, а вертикальная рама из глянцевого металла добавляет элегантный штрих к общему образу. При этом сверхтонкий корпус толщиной около 8 мм легко умещается в ладони, а различные текстуры покрытия позволяют найти свой собственный стиль. Выбирайте вариант телефона с матовой стеклянной панелью или покрытием из новой нано-кожи, более устойчивой к царапинам и грязи, и наслаждайтесь каждым прикосновением к нему.",
      "created_at": "2023-05-14T19:00:12.027Z",
      "characteristics": "{\"\\u042d\\u043a\\u0440\\u0430\\u043d\": \"6.36 (2400x1080) OLED 120 \\u0413\\u0446\", \"\\u041f\\u0430\\u043c\\u044f\\u0442\\u044c\": \"\\u0432\\u0441\\u0442\\u0440\\u043e\\u0435\\u043d\\u043d\\u0430\\u044f 256 \\u0413\\u0411, \\u043e\\u043f\\u0435\\u0440\\u0430\\u0442\\u0438\\u0432\\u043d\\u0430\\u044f 12 \\u0413\\u0411\", \"\\u0424\\u043e\\u0442\\u043e\": \"3 \\u043a\\u0430\\u043c\\u0435\\u0440\\u044b, \\u043e\\u0441\\u043d\\u043e\\u0432\\u043d\\u0430\\u044f 50 \\u041c\\u041f\", \"\\u0410\\u043a\\u043a\\u0443\\u043c\\u0443\\u043b\\u044f\\u0442\\u043e\\u0440\": \"4500 \\u043c\\u0410\\u00b7\\u0447\", \"\\u041f\\u0440\\u043e\\u0446\\u0435\\u0441\\u0441\\u043e\\u0440\": \"Qualcomm Snapdragon 8 Gen2\", \"SIM-\\u043a\\u0430\\u0440\\u0442\\u044b\": \"Dual nano SIM\", \"\\u041e\\u043f\\u0435\\u0440\\u0430\\u0446\\u0438\\u043e\\u043d\\u043d\\u0430\\u044f \\u0441\\u0438\\u0441\\u0442\\u0435\\u043c\\u0430\": \"Android 13\", \"\\u0411\\u0435\\u0441\\u043f\\u0440\\u043e\\u0432\\u043e\\u0434\\u043d\\u044b\\u0435 \\u0438\\u043d\\u0442\\u0435\\u0440\\u0444\\u0435\\u0439\\u0441\\u044b\": \"Bluetooth, NFC, Wi-Fi, \\u0438\\u043d\\u0444\\u0440\\u0430\\u043a\\u0440\\u0430\\u0441\\u043d\\u044b\\u0439 \\u043f\\u043e\\u0440\\u0442 (IRDA)\", \"\\u0421\\u0442\\u0430\\u043d\\u0434\\u0430\\u0440\\u0442 \\u0441\\u0432\\u044f\\u0437\\u0438\": \"2G, 3G, 4G LTE, 5G\", \"\\u0421\\u0442\\u0435\\u043f\\u0435\\u043d\\u044c \\u0437\\u0430\\u0449\\u0438\\u0442\\u044b\": \"IP68\", \"\\u0412\\u0435\\u0441\": \"189 \\u0433\"}",
      "category": 9,
      "price": 65690.0,
      "discount": 0,
      "count": 65,
      "limited_edition": true,
      "deleted": false,
      "purchases": 0,
      "tags": [
        11
      ]
    }
  },
  {
    "model": "app_shop.product",
    "pk": 20,
    "fields": {
      "name": "Смартфон Nothing Phone (1) 8/256 ГБ, Dual nano SIM, черный",
      "definition": "Компания Nothing, которую некогда сооснователь OnePlus Карл Пей открыл в Лондоне, официально представила свой первый смартфон Nothing Phone (1)\r\nГлавной фишкой Nothing Phone (1) является задняя полупрозрачная крышка с подсветкой под названием Glyph. Ее можно гибко настраивать в зависимости от ситуации — звонков, SMS, уведомлений и так далее.",
      "created_at": "2023-05-14T19:04:45.504Z",
      "characteristics": "{\"\\u042d\\u043a\\u0440\\u0430\\u043d\": \"6.55 (2400x1080) OLED 120 \\u0413\\u0446\", \"\\u041f\\u0430\\u043c\\u044f\\u0442\\u044c\": \"\\u0432\\u0441\\u0442\\u0440\\u043e\\u0435\\u043d\\u043d\\u0430\\u044f 256 \\u0413\\u0411, \\u043e\\u043f\\u0435\\u0440\\u0430\\u0442\\u0438\\u0432\\u043d\\u0430\\u044f 8 \\u0413\\u0411\", \"\\u0424\\u043e\\u0442\\u043e\": \"\\u0434\\u0432\\u043e\\u0439\\u043d\\u0430\\u044f \\u043a\\u0430\\u043c\\u0435\\u0440\\u0430, \\u043e\\u0441\\u043d\\u043e\\u0432\\u043d\\u0430\\u044f 50 \\u041c\\u041f\", \"\\u0410\\u043a\\u043a\\u0443\\u043c\\u0443\\u043b\\u044f\\u0442\\u043e\\u0440\": \"4500 \\u043c\\u0410\\u00b7\\u0447\", \"\\u041f\\u0440\\u043e\\u0446\\u0435\\u0441\\u0441\\u043e\\u0440\": \"Qualcomm Snapdragon 778G Plus\", \"SIM-\\u043a\\u0430\\u0440\\u0442\\u044b\": \"Dual nano SIM\", \"\\u041e\\u043f\\u0435\\u0440\\u0430\\u0446\\u0438\\u043e\\u043d\\u043d\\u0430\\u044f \\u0441\\u0438\\u0441\\u0442\\u0435\\u043c\\u0430\": \"Android 12\", \"\\u0421\\u0442\\u0430\\u043d\\u0434\\u0430\\u0440\\u0442 \\u0441\\u0432\\u044f\\u0437\\u0438\": \"2G, 3G, 4G LTE, 5G\", \"\\u0411\\u0435\\u0441\\u043f\\u0440\\u043e\\u0432\\u043e\\u0434\\u043d\\u044b\\u0435 \\u0438\\u043d\\u0442\\u0435\\u0440\\u0444\\u0435\\u0439\\u0441\\u044b\": \"Bluetooth, NFC, Wi-Fi\", \"\\u0421\\u0442\\u0435\\u043f\\u0435\\u043d\\u044c \\u0437\\u0430\\u0449\\u0438\\u0442\\u044b\": \"IP53\", \"\\u0412\\u0435\\u0441\": \"193.5 \\u0433\"}",
      "category": 9,
      "price": 35990.0,
      "discount": 9,
      "count": 66,
      "limited_edition": true,
      "deleted": false,
      "purchases": 0,
      "tags": [
        14
      ]
    }
  },
  {
    "model": "app_shop.product",
    "pk": 21,
    "fields": {
      "name": "Смартфон Samsung Galaxy A33 5G 8/128 ГБ, Dual nano SIM, белый",
      "definition": "Меньше значит больше. Galaxy A33 5G теперь тоньше и элегантнее. Матовый корпус с обновленной рамкой и узнаваемым блоком камер скрывает мощный функционал устройства.\r\nСмартфон, о котором не стоит переживать. Защита от воды и пыли по стандарту IP67 позволяет выдержать пребывание в пресной воде на глубине до 1 м до 30 минут. А защитное покрытие стекла Gorilla Glass 5 делает твой смартфон еще крепче и устойчивее к царапинам.",
      "created_at": "2023-05-14T19:09:28.134Z",
      "characteristics": "{\"\\u042d\\u043a\\u0440\\u0430\\u043d\": \"6.4 (2400x1080) Super AMOLED 90 \\u0413\\u0446\", \"\\u041f\\u0430\\u043c\\u044f\\u0442\\u044c\": \"\\u0432\\u0441\\u0442\\u0440\\u043e\\u0435\\u043d\\u043d\\u0430\\u044f 128 \\u0413\\u0411, \\u043e\\u043f\\u0435\\u0440\\u0430\\u0442\\u0438\\u0432\\u043d\\u0430\\u044f 8 \\u0413\\u0411\", \"\\u0424\\u043e\\u0442\\u043e\": \"4 \\u043a\\u0430\\u043c\\u0435\\u0440\\u044b, \\u043e\\u0441\\u043d\\u043e\\u0432\\u043d\\u0430\\u044f 48 \\u041c\\u041f\", \"\\u0410\\u043a\\u043a\\u0443\\u043c\\u0443\\u043b\\u044f\\u0442\\u043e\\u0440\": \"5000 \\u043c\\u0410\\u00b7\\u0447\", \"SIM-\\u043a\\u0430\\u0440\\u0442\\u044b\": \"Dual nano SIM\", \"\\u041e\\u043f\\u0435\\u0440\\u0430\\u0446\\u0438\\u043e\\u043d\\u043d\\u0430\\u044f \\u0441\\u0438\\u0441\\u0442\\u0435\\u043c\\u0430\": \"Android 12\", \"\\u0411\\u0435\\u0441\\u043f\\u0440\\u043e\\u0432\\u043e\\u0434\\u043d\\u044b\\u0435 \\u0438\\u043d\\u0442\\u0435\\u0440\\u0444\\u0435\\u0439\\u0441\\u044b\": \"Bluetooth, NFC, Wi-Fi\", \"\\u0421\\u0442\\u0430\\u043d\\u0434\\u0430\\u0440\\u0442 \\u0441\\u0432\\u044f\\u0437\\u0438\": \"2G, 3G, 4G LTE, 5G\", \"\\u0421\\u0442\\u0435\\u043f\\u0435\\u043d\\u044c \\u0437\\u0430\\u0449\\u0438\\u0442\\u044b\": \"IP67\", \"\\u0412\\u0435\\u0441\": \"186 \\u0433\"}",
      "category": 9,
      "price": 23090.0,
      "discount": 0,
      "count": 432,
      "limited_edition": false,
      "deleted": false,
      "purchases": 0,
      "tags": [
        15
      ]
    }
  },
  {
    "model": "app_shop.product",
    "pk": 22,
    "fields": {
      "name": "Смартфон Apple iPhone 14 Pro Max 128 ГБ, Dual: nano SIM + eSIM, глубокий фиолетовый",
      "definition": "Новый волшебный способ взаимодействия с iPhone.\r\nНоваторские функции безопасности, призванные спасать жизни.\r\nИнновационная 48-мегапиксельная камера для потрясающей детализации.\r\nВсе они оснащены новейшим чипом для смартфонов.\r\nС керамическим экраном, более прочным, чем стекло любого смартфона. Водонепроницаемость. Нержавеющая сталь хирургического класса.\r\nПредставляем Dynamic Island, по-настоящему инновационную разработку Apple, состоящую из аппаратного и программного обеспечения. Он воспроизводит музыку, спортивные результаты, FaceTime и многое другое — и все это, не отвлекая вас от того, что вы делаете.",
      "created_at": "2023-05-14T19:18:53.493Z",
      "characteristics": "{\"\\u042d\\u043a\\u0440\\u0430\\u043d\": \"6.7 (2796x1290) OLED 120 \\u0413\\u0446\", \"\\u041f\\u0430\\u043c\\u044f\\u0442\\u044c\": \"\\u0432\\u0441\\u0442\\u0440\\u043e\\u0435\\u043d\\u043d\\u0430\\u044f 128 \\u0413\\u0411, \\u043e\\u043f\\u0435\\u0440\\u0430\\u0442\\u0438\\u0432\\u043d\\u0430\\u044f 6 \\u0413\\u0411\", \"\\u0424\\u043e\\u0442\\u043e\": \"3 \\u043a\\u0430\\u043c\\u0435\\u0440\\u044b, \\u043e\\u0441\\u043d\\u043e\\u0432\\u043d\\u0430\\u044f 48 \\u041c\\u041f\", \"\\u0410\\u043a\\u043a\\u0443\\u043c\\u0443\\u043b\\u044f\\u0442\\u043e\\u0440\": \"4323 \\u043c\\u0410\\u00b7\\u0447\", \"\\u041f\\u0440\\u043e\\u0446\\u0435\\u0441\\u0441\\u043e\\u0440\": \"Apple A16 Bionic\", \"SIM-\\u043a\\u0430\\u0440\\u0442\\u044b\": \"Dual: nano SIM + eSIM\", \"\\u041e\\u043f\\u0435\\u0440\\u0430\\u0446\\u0438\\u043e\\u043d\\u043d\\u0430\\u044f \\u0441\\u0438\\u0441\\u0442\\u0435\\u043c\\u0430\": \"iOS 16\", \"\\u0421\\u0442\\u0430\\u043d\\u0434\\u0430\\u0440\\u0442 \\u0441\\u0432\\u044f\\u0437\\u0438\": \"2G, 3G, 4G LTE, 5G\", \"\\u0411\\u0435\\u0441\\u043f\\u0440\\u043e\\u0432\\u043e\\u0434\\u043d\\u044b\\u0435 \\u0438\\u043d\\u0442\\u0435\\u0440\\u0444\\u0435\\u0439\\u0441\\u044b\": \"Bluetooth, NFC, Wi-Fi\", \"\\u0421\\u0442\\u0435\\u043f\\u0435\\u043d\\u044c \\u0437\\u0430\\u0449\\u0438\\u0442\\u044b\": \"IP68\", \"\\u0412\\u0435\\u0441\": \"240 \\u0433\"}",
      "category": 9,
      "price": 104990.0,
      "discount": 9,
      "count": 99,
      "limited_edition": true,
      "deleted": false,
      "purchases": 0,
      "tags": [
        1
      ]
    }
  },
  {
    "model": "app_shop.productbrowsinghistory",
    "pk": 1,
    "fields": {
      "user": 1,
      "product": 1,
      "viewing_time": "2023-06-15T19:57:41.192Z"
    }
  },
  {
    "model": "app_shop.productbrowsinghistory",
    "pk": 9,
    "fields": {
      "user": 1,
      "product": 6,
      "viewing_time": "2023-06-15T20:26:20.944Z"
    }
  },
  {
    "model": "app_shop.productbrowsinghistory",
    "pk": 10,
    "fields": {
      "user": 1,
      "product": 7,
      "viewing_time": "2023-06-15T20:29:05.287Z"
    }
  },
  {
    "model": "app_shop.productbrowsinghistory",
    "pk": 11,
    "fields": {
      "user": 1,
      "product": 9,
      "viewing_time": "2023-06-15T20:33:44.484Z"
    }
  },
  {
    "model": "app_shop.productbrowsinghistory",
    "pk": 12,
    "fields": {
      "user": 1,
      "product": 17,
      "viewing_time": "2023-06-15T20:33:45.017Z"
    }
  },
  {
    "model": "app_shop.productbrowsinghistory",
    "pk": 13,
    "fields": {
      "user": 1,
      "product": 18,
      "viewing_time": "2023-06-15T20:33:45.530Z"
    }
  },
  {
    "model": "app_shop.productbrowsinghistory",
    "pk": 14,
    "fields": {
      "user": 1,
      "product": 19,
      "viewing_time": "2023-06-15T20:33:52.799Z"
    }
  },
  {
    "model": "app_shop.productbrowsinghistory",
    "pk": 15,
    "fields": {
      "user": 1,
      "product": 21,
      "viewing_time": "2023-06-15T20:33:54.564Z"
    }
  },
  {
    "model": "app_shop.productbrowsinghistory",
    "pk": 16,
    "fields": {
      "user": 1,
      "product": 8,
      "viewing_time": "2023-06-15T20:33:57.766Z"
    }
  },
  {
    "model": "app_shop.productbrowsinghistory",
    "pk": 17,
    "fields": {
      "user": 1,
      "product": 18,
      "viewing_time": "2023-06-15T20:33:58.162Z"
    }
  },
  {
    "model": "app_shop.productbrowsinghistory",
    "pk": 18,
    "fields": {
      "user": 1,
      "product": 9,
      "viewing_time": "2023-06-15T20:50:33.000Z"
    }
  },
  {
    "model": "app_shop.productbrowsinghistory",
    "pk": 21,
    "fields": {
      "user": 1,
      "product": 7,
      "viewing_time": "2023-06-15T21:06:17.541Z"
    }
  },
  {
    "model": "app_shop.productbrowsinghistory",
    "pk": 22,
    "fields": {
      "user": 1,
      "product": 22,
      "viewing_time": "2023-06-15T21:07:53.494Z"
    }
  },
  {
    "model": "app_shop.productbrowsinghistory",
    "pk": 23,
    "fields": {
      "user": 1,
      "product": 11,
      "viewing_time": "2023-06-15T21:08:50.008Z"
    }
  },
  {
    "model": "app_shop.productbrowsinghistory",
    "pk": 24,
    "fields": {
      "user": 1,
      "product": 1,
      "viewing_time": "2023-06-17T09:57:28.233Z"
    }
  },
  {
    "model": "app_shop.productbrowsinghistory",
    "pk": 25,
    "fields": {
      "user": 1,
      "product": 6,
      "viewing_time": "2023-06-18T10:16:41.981Z"
    }
  },
  {
    "model": "app_shop.productbrowsinghistory",
    "pk": 26,
    "fields": {
      "user": 1,
      "product": 21,
      "viewing_time": "2023-06-18T12:51:23.003Z"
    }
  },
  {
    "model": "app_shop.productbrowsinghistory",
    "pk": 27,
    "fields": {
      "user": 1,
      "product": 10,
      "viewing_time": "2023-06-20T19:00:49.283Z"
    }
  },
  {
    "model": "app_shop.productbrowsinghistory",
    "pk": 28,
    "fields": {
      "user": 1,
      "product": 18,
      "viewing_time": "2023-06-21T20:45:04.361Z"
    }
  },
  {
    "model": "app_shop.productbrowsinghistory",
    "pk": 29,
    "fields": {
      "user": 1,
      "product": 20,
      "viewing_time": "2023-06-21T21:00:18.741Z"
    }
  },
  {
    "model": "app_shop.productbrowsinghistory",
    "pk": 30,
    "fields": {
      "user": 1,
      "product": 19,
      "viewing_time": "2023-06-22T18:28:48.131Z"
    }
  },
  {
    "model": "app_shop.productbrowsinghistory",
    "pk": 31,
    "fields": {
      "user": 1,
      "product": 12,
      "viewing_time": "2023-06-22T18:28:55.963Z"
    }
  },
  {
    "model": "app_shop.productbrowsinghistory",
    "pk": 32,
    "fields": {
      "user": 1,
      "product": 17,
      "viewing_time": "2023-06-24T12:37:11.793Z"
    }
  },
  {
    "model": "app_shop.productbrowsinghistory",
    "pk": 33,
    "fields": {
      "user": 1,
      "product": 7,
      "viewing_time": "2023-06-24T12:39:55.925Z"
    }
  },
  {
    "model": "app_shop.productbrowsinghistory",
    "pk": 34,
    "fields": {
      "user": 1,
      "product": 8,
      "viewing_time": "2023-06-24T16:42:00.116Z"
    }
  },
  {
    "model": "app_shop.productbrowsinghistory",
    "pk": 35,
    "fields": {
      "user": 1,
      "product": 21,
      "viewing_time": "2023-06-25T11:47:25.995Z"
    }
  },
  {
    "model": "app_shop.productbrowsinghistory",
    "pk": 36,
    "fields": {
      "user": 1,
      "product": 6,
      "viewing_time": "2023-06-25T12:00:55.495Z"
    }
  },
  {
    "model": "app_shop.productimages",
    "pk": 1,
    "fields": {
      "title": "Sony Wh1000xm4b.e Black",
      "image": "images/products/1/2023-04-14_22-38-39.jpeg",
      "product": 1
    }
  },
  {
    "model": "app_shop.productimages",
    "pk": 6,
    "fields": {
      "title": "Яндекс Колонка",
      "image": "images/products/6/1001466460_2.jpeg",
      "product": 6
    }
  },
  {
    "model": "app_shop.productimages",
    "pk": 7,
    "fields": {
      "title": "Умная розетка Яндекс с Алисой",
      "image": "images/products/7/1562415.jpg",
      "product": 7
    }
  },
  {
    "model": "app_shop.productimages",
    "pk": 8,
    "fields": {
      "title": "Умный пульт Yandex SmartControl",
      "image": "images/products/8/pk4f0hqkblg2tcf3nk29gqxiz7zjakn0.jpg",
      "product": 8
    }
  },
  {
    "model": "app_shop.productimages",
    "pk": 9,
    "fields": {
      "title": "Чехол силиконовый Deppa для AirPods Pro 2",
      "image": "images/products/9/44195_big.jpg",
      "product": 9
    }
  },
  {
    "model": "app_shop.productimages",
    "pk": 10,
    "fields": {
      "title": "Микроволновая печь Tuvio MS8S20SM1",
      "image": "images/products/10/2023-05-04_16-16-12.png",
      "product": 10
    }
  },
  {
    "model": "app_shop.productimages",
    "pk": 11,
    "fields": {
      "title": "Weissgauff WRK 2000",
      "image": "images/products/11/orig.jfif",
      "product": 11
    }
  },
  {
    "model": "app_shop.productimages",
    "pk": 12,
    "fields": {
      "title": "Midea MDRD86SLF01",
      "image": "images/products/12/2023-05-04_16-25-36.png",
      "product": 12
    }
  },
  {
    "model": "app_shop.productimages",
    "pk": 13,
    "fields": {
      "title": "тест",
      "image": "images/products/13/orig.jfif",
      "product": 13
    }
  },
  {
    "model": "app_shop.productimages",
    "pk": 14,
    "fields": {
      "title": "Бирюса 70",
      "image": "images/products/14/Бирюса-70.jfif",
      "product": 14
    }
  },
  {
    "model": "app_shop.productimages",
    "pk": 15,
    "fields": {
      "title": "Микроволновая печь Tuvio MS7M20WE1",
      "image": "images/products/15/mikrovolnovaia-pech-tuvio-ms7m20we1.png",
      "product": 15
    }
  },
  {
    "model": "app_shop.productimages",
    "pk": 16,
    "fields": {
      "title": "Микроволновая печь LG MS2042DB",
      "image": "images/products/16/mikrovolnovaia-pech-lg-ms2042db.png",
      "product": 16
    }
  },
  {
    "model": "app_shop.productimages",
    "pk": 17,
    "fields": {
      "title": "50-televizor-tuvio-stv-50fdubk1r-2023",
      "image": "images/products/17/2023-05-05_13-24-28.png",
      "product": 17
    }
  },
  {
    "model": "app_shop.productimages",
    "pk": 18,
    "fields": {
      "title": "50-televizor-xiaomi-tv-a2",
      "image": "images/products/18/2023-05-05_13-29-10.jpg",
      "product": 18
    }
  },
  {
    "model": "app_shop.productimages",
    "pk": 19,
    "fields": {
      "title": "Умная розетка Яндекс с Алисой",
      "image": "images/products/7/я8.jpg",
      "product": 7
    }
  },
  {
    "model": "app_shop.productimages",
    "pk": 20,
    "fields": {
      "title": "Умная розетка Яндекс с Алисой",
      "image": "images/products/7/78OQkvzx0Bm4.jfif",
      "product": 7
    }
  },
  {
    "model": "app_shop.productimages",
    "pk": 21,
    "fields": {
      "title": "Sony-WH-1000XM4",
      "image": "images/products/1/Sony-WH-1000XM4-wooden-bench.jpg",
      "product": 1
    }
  },
  {
    "model": "app_shop.productimages",
    "pk": 22,
    "fields": {
      "title": "Sony-WH-1000XM4",
      "image": "images/products/1/bzNJzx8SCgADSAHRRQinY.jpg",
      "product": 1
    }
  },
  {
    "model": "app_shop.productimages",
    "pk": 23,
    "fields": {
      "title": "Sony-WH-1000XM4",
      "image": "images/products/1/sony-wh1000xm3-headphones.jpg",
      "product": 1
    }
  },
  {
    "model": "app_shop.productimages",
    "pk": 24,
    "fields": {
      "title": "Яндекс Станция Мини",
      "image": "images/products/6/7eWIb1UVizKVoxSntDjnZg.jfif",
      "product": 6
    }
  },
  {
    "model": "app_shop.productimages",
    "pk": 25,
    "fields": {
      "title": "Яндекс Станция Мини",
      "image": "images/products/6/_DSC6115.jpg",
      "product": 6
    }
  },
  {
    "model": "app_shop.productimages",
    "pk": 26,
    "fields": {
      "title": "Яндекс Станция Мини",
      "image": "images/products/6/4.jpg",
      "product": 6
    }
  },
  {
    "model": "app_shop.productimages",
    "pk": 27,
    "fields": {
      "title": "Яндекс Станция Мини",
      "image": "images/products/6/sun8e2dtmxlz1agwciw09a328fs5jlgu.jpg",
      "product": 6
    }
  },
  {
    "model": "app_shop.productimages",
    "pk": 28,
    "fields": {
      "title": "Xiaomi TV A2 50",
      "image": "images/products/18/18edbaa9a554aef91e64f69f9ad3cd6d-1536x812.webp",
      "product": 18
    }
  },
  {
    "model": "app_shop.productimages",
    "pk": 29,
    "fields": {
      "title": "Xiaomi TV A2 50",
      "image": "images/products/18/xiaomimitvq1752-870x441.jpg",
      "product": 18
    }
  },
  {
    "model": "app_shop.productimages",
    "pk": 30,
    "fields": {
      "title": "Xiaomi TV A2 50",
      "image": "images/products/18/mi-tv-nuevas-1.jpg",
      "product": 18
    }
  },
  {
    "model": "app_shop.productimages",
    "pk": 31,
    "fields": {
      "title": "Tuvio 4K ULTRA",
      "image": "images/products/17/1152810389fac7ed5d86174053b47dab925aaa16.jpg",
      "product": 17
    }
  },
  {
    "model": "app_shop.productimages",
    "pk": 32,
    "fields": {
      "title": "Tuvio 4K ULTRA",
      "image": "images/products/17/1619860260065_bulletin.jfif",
      "product": 17
    }
  },
  {
    "model": "app_shop.productimages",
    "pk": 33,
    "fields": {
      "title": "LG MS2042DB",
      "image": "images/products/16/lg-ms2042darb_9.jpg",
      "product": 16
    }
  },
  {
    "model": "app_shop.productimages",
    "pk": 34,
    "fields": {
      "title": "LG MS2042DB",
      "image": "images/products/16/norm.jpg",
      "product": 16
    }
  },
  {
    "model": "app_shop.productimages",
    "pk": 35,
    "fields": {
      "title": "Tuvio MS7M20WE1",
      "image": "images/products/15/orig_1.webp",
      "product": 15
    }
  },
  {
    "model": "app_shop.productimages",
    "pk": 36,
    "fields": {
      "title": "Tuvio MS7M20WE1",
      "image": "images/products/15/orig.webp",
      "product": 15
    }
  },
  {
    "model": "app_shop.productimages",
    "pk": 37,
    "fields": {
      "title": "Холодильник Бирюса 70",
      "image": "images/products/14/82935_e79e2e0c43df9038abeeb053f9db9303_.jpg",
      "product": 14
    }
  },
  {
    "model": "app_shop.productimages",
    "pk": 38,
    "fields": {
      "title": "Холодильник Бирюса 70",
      "image": "images/products/14/566264_4.webp",
      "product": 14
    }
  },
  {
    "model": "app_shop.productimages",
    "pk": 39,
    "fields": {
      "title": "Холодильник Бирюса 70",
      "image": "images/products/14/ngvuhrzjqyjzk3t0426lgm243f81bva2.jpg",
      "product": 14
    }
  },
  {
    "model": "app_shop.productimages",
    "pk": 40,
    "fields": {
      "title": "Холодильник Midea MDRD86SLF01 Ретро",
      "image": "images/products/12/orig.webp",
      "product": 12
    }
  },
  {
    "model": "app_shop.productimages",
    "pk": 41,
    "fields": {
      "title": "Холодильник Midea MDRD86SLF01 Ретро",
      "image": "images/products/12/202cb962ac59075b964b07152d234b702021081412153595875G3N0PLXN9p.jpg.webp",
      "product": 12
    }
  },
  {
    "model": "app_shop.productimages",
    "pk": 42,
    "fields": {
      "title": "Холодильник Midea MDRD86SLF01 Ретро",
      "image": "images/products/12/580777_2.webp",
      "product": 12
    }
  },
  {
    "model": "app_shop.productimages",
    "pk": 43,
    "fields": {
      "title": "Холодильник Weissgauff WRK 2000",
      "image": "images/products/11/ab06f9bb9252f6be176a14b14c9cf518.jfif",
      "product": 11
    }
  },
  {
    "model": "app_shop.productimages",
    "pk": 44,
    "fields": {
      "title": "Холодильник Weissgauff WRK 2000",
      "image": "images/products/11/zZ2l9waWN0dXJlOF9pZDE2NTg4NC5qcGcjKiMqIyojMTYwMCMqIyojKiMxNjAwIyojKiMqI2dvbRz.jpg",
      "product": 11
    }
  },
  {
    "model": "app_shop.productimages",
    "pk": 45,
    "fields": {
      "title": "Холодильник Weissgauff WRK 2000",
      "image": "images/products/11/oad-resize_cache-iblock-668-6c4-1900_563_1-2-800x800.jpg",
      "product": 11
    }
  },
  {
    "model": "app_shop.productimages",
    "pk": 46,
    "fields": {
      "title": "Микроволновая печь Tuvio MS8S20SM1",
      "image": "images/products/10/mikrovolnovaya_pech_solo_lg_ms_2042db_1586838819_1.jpg",
      "product": 10
    }
  },
  {
    "model": "app_shop.productimages",
    "pk": 47,
    "fields": {
      "title": "Микроволновая печь Tuvio MS8S20SM1",
      "image": "images/products/10/614701_2-201811271458.jpg",
      "product": 10
    }
  },
  {
    "model": "app_shop.productimages",
    "pk": 48,
    "fields": {
      "title": "ехол силиконовый Deppa для AirPods Pro 2",
      "image": "images/products/9/100024045189b1.webp",
      "product": 9
    }
  },
  {
    "model": "app_shop.productimages",
    "pk": 49,
    "fields": {
      "title": "ехол силиконовый Deppa для AirPods Pro 2",
      "image": "images/products/9/600x800.webp",
      "product": 9
    }
  },
  {
    "model": "app_shop.productimages",
    "pk": 50,
    "fields": {
      "title": "ехол силиконовый Deppa для AirPods Pro 2",
      "image": "images/products/9/HTB198Laa.vrK1RjSszfq6xJNVXah.jpg",
      "product": 9
    }
  },
  {
    "model": "app_shop.productimages",
    "pk": 51,
    "fields": {
      "title": "Умный пульт Yandex SmartControl",
      "image": "images/products/8/umnyy_pult_yandeksa_1601528754_4.jpg",
      "product": 8
    }
  },
  {
    "model": "app_shop.productimages",
    "pk": 52,
    "fields": {
      "title": "Умный пульт Yandex SmartControl",
      "image": "images/products/8/maxresdefault.jpg",
      "product": 8
    }
  },
  {
    "model": "app_shop.productimages",
    "pk": 53,
    "fields": {
      "title": "Умный пульт Yandex SmartControl",
      "image": "images/products/8/1198441_d01_b.jpg",
      "product": 8
    }
  },
  {
    "model": "app_shop.productimages",
    "pk": 54,
    "fields": {
      "title": "Умный пульт Yandex SmartControl",
      "image": "images/products/8/umnyy_pult_yandeksa_1588569147_1.jpg",
      "product": 8
    }
  },
  {
    "model": "app_shop.productimages",
    "pk": 55,
    "fields": {
      "title": "Смартфон Xiaomi 13",
      "image": "images/products/19/orig_5.webp",
      "product": 19
    }
  },
  {
    "model": "app_shop.productimages",
    "pk": 56,
    "fields": {
      "title": "Смартфон Xiaomi 13",
      "image": "images/products/19/orig_4.webp",
      "product": 19
    }
  },
  {
    "model": "app_shop.productimages",
    "pk": 57,
    "fields": {
      "title": "Смартфон Xiaomi 13",
      "image": "images/products/19/orig_3.webp",
      "product": 19
    }
  },
  {
    "model": "app_shop.productimages",
    "pk": 58,
    "fields": {
      "title": "Смартфон Xiaomi 13",
      "image": "images/products/19/orig_2.webp",
      "product": 19
    }
  },
  {
    "model": "app_shop.productimages",
    "pk": 59,
    "fields": {
      "title": "Смартфон Xiaomi 13",
      "image": "images/products/19/orig_1.webp",
      "product": 19
    }
  },
  {
    "model": "app_shop.productimages",
    "pk": 60,
    "fields": {
      "title": "Смартфон Xiaomi 13",
      "image": "images/products/19/orig.webp",
      "product": 19
    }
  },
  {
    "model": "app_shop.productimages",
    "pk": 61,
    "fields": {
      "title": "Смартфон Nothing Phone",
      "image": "images/products/20/orig_2.webp",
      "product": 20
    }
  },
  {
    "model": "app_shop.productimages",
    "pk": 62,
    "fields": {
      "title": "Смартфон Nothing Phone",
      "image": "images/products/20/orig_1.webp",
      "product": 20
    }
  },
  {
    "model": "app_shop.productimages",
    "pk": 63,
    "fields": {
      "title": "Смартфон Nothing Phone",
      "image": "images/products/20/orig.webp",
      "product": 20
    }
  },
  {
    "model": "app_shop.productimages",
    "pk": 64,
    "fields": {
      "title": "Samsung Galaxy A33",
      "image": "images/products/21/orig.webp",
      "product": 21
    }
  },
  {
    "model": "app_shop.productimages",
    "pk": 65,
    "fields": {
      "title": "Samsung Galaxy A33",
      "image": "images/products/21/orig_1.webp",
      "product": 21
    }
  },
  {
    "model": "app_shop.productimages",
    "pk": 66,
    "fields": {
      "title": "Samsung Galaxy A33",
      "image": "images/products/21/orig_2.webp",
      "product": 21
    }
  },
  {
    "model": "app_shop.productimages",
    "pk": 67,
    "fields": {
      "title": "Samsung Galaxy A33",
      "image": "images/products/21/orig_3.webp",
      "product": 21
    }
  },
  {
    "model": "app_shop.productimages",
    "pk": 68,
    "fields": {
      "title": "Samsung Galaxy A33",
      "image": "images/products/21/orig_4.webp",
      "product": 21
    }
  },
  {
    "model": "app_shop.productimages",
    "pk": 69,
    "fields": {
      "title": "Samsung Galaxy A33",
      "image": "images/products/21/orig_5.webp",
      "product": 21
    }
  },
  {
    "model": "app_shop.productimages",
    "pk": 70,
    "fields": {
      "title": "Apple iPhone 14 Pro Max",
      "image": "images/products/22/orig.webp",
      "product": 22
    }
  },
  {
    "model": "app_shop.productimages",
    "pk": 71,
    "fields": {
      "title": "Apple iPhone 14 Pro Max",
      "image": "images/products/22/orig_1.webp",
      "product": 22
    }
  },
  {
    "model": "app_shop.productimages",
    "pk": 72,
    "fields": {
      "title": "Apple iPhone 14 Pro Max",
      "image": "images/products/22/orig_2.webp",
      "product": 22
    }
  },
  {
    "model": "app_shop.productimages",
    "pk": 73,
    "fields": {
      "title": "Apple iPhone 14 Pro Max",
      "image": "images/products/22/orig_3.webp",
      "product": 22
    }
  },
  {
    "model": "app_shop.productimages",
    "pk": 74,
    "fields": {
      "title": "Apple iPhone 14 Pro Max",
      "image": "images/products/22/orig_4.webp",
      "product": 22
    }
  },
  {
    "model": "app_shop.productreviews",
    "pk": 24,
    "fields": {
      "product": 7,
      "buyer": 2,
      "review": "Круто",
      "created_at": "2023-05-15T20:13:47.837Z",
      "deleted": false
    }
  },
  {
    "model": "app_shop.productreviews",
    "pk": 25,
    "fields": {
      "product": 7,
      "buyer": 2,
      "review": "Круто 2",
      "created_at": "2023-05-15T20:13:47.845Z",
      "deleted": false
    }
  },
  {
    "model": "app_shop.productreviews",
    "pk": 26,
    "fields": {
      "product": 7,
      "buyer": 2,
      "review": "bjhbjhbnj",
      "created_at": "2023-06-11T11:33:56.033Z",
      "deleted": false
    }
  },
  {
    "model": "app_shop.productreviews",
    "pk": 27,
    "fields": {
      "product": 20,
      "buyer": 2,
      "review": "wevsevesv",
      "created_at": "2023-06-14T19:40:29.774Z",
      "deleted": false
    }
  },
  {
    "model": "app_shop.productreviews",
    "pk": 28,
    "fields": {
      "product": 20,
      "buyer": 2,
      "review": "sevsevsevsev",
      "created_at": "2023-06-14T19:40:33.548Z",
      "deleted": false
    }
  },
  {
    "model": "app_shop.productreviews",
    "pk": 29,
    "fields": {
      "product": 20,
      "buyer": 2,
      "review": "sevsvsevse",
      "created_at": "2023-06-14T19:40:37.772Z",
      "deleted": false
    }
  },
  {
    "model": "app_shop.productreviews",
    "pk": 30,
    "fields": {
      "product": 20,
      "buyer": 2,
      "review": "sevsevsevesv",
      "created_at": "2023-06-14T19:40:41.637Z",
      "deleted": false
    }
  },
  {
    "model": "app_shop.productreviews",
    "pk": 31,
    "fields": {
      "product": 8,
      "buyer": 2,
      "review": "ccecsecsec",
      "created_at": "2023-06-14T19:41:11.605Z",
      "deleted": false
    }
  },
  {
    "model": "app_shop.productreviews",
    "pk": 32,
    "fields": {
      "product": 1,
      "buyer": 2,
      "review": "sevseve",
      "created_at": "2023-06-17T09:57:32.156Z",
      "deleted": false
    }
  },
  {
    "model": "app_shop.productreviews",
    "pk": 33,
    "fields": {
      "product": 10,
      "buyer": 2,
      "review": "ыумыумуы",
      "created_at": "2023-06-20T19:15:11.752Z",
      "deleted": false
    }
  },
  {
    "model": "app_shop.productreviews",
    "pk": 34,
    "fields": {
      "product": 10,
      "buyer": 2,
      "review": "фцмыумуым",
      "created_at": "2023-06-20T19:15:17.472Z",
      "deleted": false
    }
  },
  {
    "model": "app_shop.productreviews",
    "pk": 35,
    "fields": {
      "product": 10,
      "buyer": 2,
      "review": "1212121",
      "created_at": "2023-06-20T19:30:57.973Z",
      "deleted": false
    }
  },
  {
    "model": "app_shop.productreviews",
    "pk": 36,
    "fields": {
      "product": 7,
      "buyer": 2,
      "review": "svrvr",
      "created_at": "2023-06-25T09:48:49.041Z",
      "deleted": false
    }
  },
  {
    "model": "app_shop.productreviews",
    "pk": 37,
    "fields": {
      "product": 7,
      "buyer": 2,
      "review": "wwcw",
      "created_at": "2023-06-25T10:47:59.764Z",
      "deleted": false
    }
  },
  {
    "model": "app_shop.cart",
    "pk": 68,
    "fields": {
      "user": 23,
      "product": 6,
      "count": 4
    }
  },
  {
    "model": "app_shop.cart",
    "pk": 84,
    "fields": {
      "user": 28,
      "product": 1,
      "count": 1
    }
  },
  {
    "model": "app_shop.cart",
    "pk": 92,
    "fields": {
      "user": 30,
      "product": 10,
      "count": 1
    }
  },
  {
    "model": "app_shop.cart",
    "pk": 93,
    "fields": {
      "user": 30,
      "product": 11,
      "count": 1
    }
  },
  {
    "model": "app_shop.cart",
    "pk": 94,
    "fields": {
      "user": 30,
      "product": 12,
      "count": 1
    }
  },
  {
    "model": "app_shop.cart",
    "pk": 95,
    "fields": {
      "user": 31,
      "product": 10,
      "count": 2
    }
  },
  {
    "model": "app_shop.paymenterrors",
    "pk": 1,
    "fields": {
      "title": "Оплата не прошла",
      "description": "Оплата не выполнена, т.к. вы подозреваетесь в нетолерантности"
    }
  },
  {
    "model": "app_shop.paymenterrors",
    "pk": 2,
    "fields": {
      "title": "Недостаточно средств на счете",
      "description": "Оплата не прошла, т.к. на счете недостаточно средств"
    }
  },
  {
    "model": "app_shop.order",
    "pk": 1,
    "fields": {
      "user": 1,
      "data_created": "2023-06-07T19:18:38.348Z",
      "city": "Москва",
      "address": "Москва, ул.Корнева, 36",
      "delivery": 2,
      "payment": 1,
      "status": 4,
      "error_message": null
    }
  },
  {
    "model": "app_shop.order",
    "pk": 2,
    "fields": {
      "user": 1,
      "data_created": "2023-06-11T10:09:38.822Z",
      "city": "Москва",
      "address": "Москва, ул.Корнева, 36",
      "delivery": 2,
      "payment": 1,
      "status": 5,
      "error_message": null
    }
  },
  {
    "model": "app_shop.order",
    "pk": 3,
    "fields": {
      "user": 1,
      "data_created": "2023-06-11T10:50:51.880Z",
      "city": "Москва",
      "address": "Москва, ул.Корнева, 36",
      "delivery": 2,
      "payment": 1,
      "status": 4,
      "error_message": null
    }
  },
  {
    "model": "app_shop.order",
    "pk": 4,
    "fields": {
      "user": 1,
      "data_created": "2023-06-11T10:51:18.447Z",
      "city": "Москва",
      "address": "Москва, ул.Корнева, 36",
      "delivery": 1,
      "payment": 2,
      "status": 4,
      "error_message": null
    }
  },
  {
    "model": "app_shop.order",
    "pk": 5,
    "fields": {
      "user": 1,
      "data_created": "2023-06-11T11:35:53.665Z",
      "city": "Воронеж",
      "address": "Москва, ул.Корнева, 36",
      "delivery": 2,
      "payment": 2,
      "status": 3,
      "error_message": null
    }
  },
  {
    "model": "app_shop.order",
    "pk": 6,
    "fields": {
      "user": 1,
      "data_created": "2023-06-12T10:02:41.034Z",
      "city": "Москва",
      "address": "Москва, ул.Корнева, 36",
      "delivery": 1,
      "payment": 1,
      "status": 2,
      "error_message": 1
    }
  },
  {
    "model": "app_shop.order",
    "pk": 7,
    "fields": {
      "user": 1,
      "data_created": "2023-06-12T10:06:34.148Z",
      "city": "Москва",
      "address": "Москва, ул.Корнева, 36",
      "delivery": 2,
      "payment": 2,
      "status": 4,
      "error_message": null
    }
  },
  {
    "model": "app_shop.order",
    "pk": 8,
    "fields": {
      "user": 1,
      "data_created": "2023-06-12T17:34:22.533Z",
      "city": "Москва",
      "address": "Москва, ул.Корнева, 36",
      "delivery": 2,
      "payment": 1,
      "status": 3,
      "error_message": null
    }
  },
  {
    "model": "app_shop.order",
    "pk": 9,
    "fields": {
      "user": 1,
      "data_created": "2023-06-19T20:09:00.230Z",
      "city": "Воронеж",
      "address": "ул.Корнева, 36",
      "delivery": 2,
      "payment": 2,
      "status": 4,
      "error_message": null
    }
  },
  {
    "model": "app_shop.order",
    "pk": 10,
    "fields": {
      "user": 1,
      "data_created": "2023-06-19T20:23:09.202Z",
      "city": "Воронеж",
      "address": "Москва, ул.Корнева, 36",
      "delivery": 1,
      "payment": 2,
      "status": 4,
      "error_message": null
    }
  },
  {
    "model": "app_shop.order",
    "pk": 11,
    "fields": {
      "user": 1,
      "data_created": "2023-06-21T20:28:02.509Z",
      "city": "Москва",
      "address": "Москва, ул.Корнева, 36",
      "delivery": 2,
      "payment": 2,
      "status": 4,
      "error_message": null
    }
  },
  {
    "model": "app_shop.order",
    "pk": 12,
    "fields": {
      "user": 1,
      "data_created": "2023-06-24T13:05:52.597Z",
      "city": "Воронеж",
      "address": "Москва, ул.Корнева, 36",
      "delivery": 1,
      "payment": 1,
      "status": 4,
      "error_message": null
    }
  },
  {
    "model": "app_shop.order",
    "pk": 13,
    "fields": {
      "user": 1,
      "data_created": "2023-06-25T10:30:13.575Z",
      "city": "Воронеж",
      "address": "Москва, ул.Корнева, 36",
      "delivery": 2,
      "payment": 2,
      "status": 4,
      "error_message": null
    }
  },
  {
    "model": "app_shop.order",
    "pk": 14,
    "fields": {
      "user": 1,
      "data_created": "2023-06-25T10:32:31.772Z",
      "city": "Воронеж",
      "address": "Москва, ул.Корнева, 36",
      "delivery": 2,
      "payment": 2,
      "status": 3,
      "error_message": null
    }
  },
  {
    "model": "app_shop.order",
    "pk": 15,
    "fields": {
      "user": 1,
      "data_created": "2023-06-25T10:34:06.437Z",
      "city": "Москва",
      "address": "Москва, ул.Корнева, 36",
      "delivery": 2,
      "payment": 2,
      "status": 4,
      "error_message": null
    }
  },
  {
    "model": "app_shop.order",
    "pk": 16,
    "fields": {
      "user": 1,
      "data_created": "2023-06-25T10:49:02.736Z",
      "city": "Москва",
      "address": "Москва, ул.Корнева, 36",
      "delivery": 1,
      "payment": 2,
      "status": 2,
      "error_message": 1
    }
  },
  {
    "model": "app_shop.order",
    "pk": 17,
    "fields": {
      "user": 1,
      "data_created": "2023-06-25T12:08:21.450Z",
      "city": "Москва",
      "address": "ул.Корнева, 36",
      "delivery": 2,
      "payment": 1,
      "status": 4,
      "error_message": null
    }
  },
  {
    "model": "app_shop.purchasedproduct",
    "pk": 1,
    "fields": {
      "order": 1,
      "product": 17,
      "count": 1,
      "price": 1000
    }
  },
  {
    "model": "app_shop.purchasedproduct",
    "pk": 2,
    "fields": {
      "order": 2,
      "product": 7,
      "count": 1,
      "price": 1221
    }
  },
  {
    "model": "app_shop.purchasedproduct",
    "pk": 3,
    "fields": {
      "order": 3,
      "product": 7,
      "count": 1,
      "price": 1221
    }
  },
  {
    "model": "app_shop.purchasedproduct",
    "pk": 4,
    "fields": {
      "order": 3,
      "product": 6,
      "count": 1,
      "price": 7581
    }
  },
  {
    "model": "app_shop.purchasedproduct",
    "pk": 5,
    "fields": {
      "order": 4,
      "product": 6,
      "count": 2,
      "price": 15162
    }
  },
  {
    "model": "app_shop.purchasedproduct",
    "pk": 6,
    "fields": {
      "order": 5,
      "product": 10,
      "count": 5,
      "price": 27610
    }
  },
  {
    "model": "app_shop.purchasedproduct",
    "pk": 7,
    "fields": {
      "order": 6,
      "product": 1,
      "count": 1,
      "price": 2250
    }
  },
  {
    "model": "app_shop.purchasedproduct",
    "pk": 8,
    "fields": {
      "order": 7,
      "product": 10,
      "count": 1,
      "price": 5522
    }
  },
  {
    "model": "app_shop.purchasedproduct",
    "pk": 9,
    "fields": {
      "order": 8,
      "product": 1,
      "count": 1,
      "price": 2250
    }
  },
  {
    "model": "app_shop.purchasedproduct",
    "pk": 10,
    "fields": {
      "order": 9,
      "product": 17,
      "count": 1,
      "price": 22932
    }
  },
  {
    "model": "app_shop.purchasedproduct",
    "pk": 11,
    "fields": {
      "order": 9,
      "product": 6,
      "count": 3,
      "price": 22743
    }
  },
  {
    "model": "app_shop.purchasedproduct",
    "pk": 12,
    "fields": {
      "order": 9,
      "product": 7,
      "count": 1,
      "price": 1221
    }
  },
  {
    "model": "app_shop.purchasedproduct",
    "pk": 13,
    "fields": {
      "order": 9,
      "product": 18,
      "count": 1,
      "price": 34180
    }
  },
  {
    "model": "app_shop.purchasedproduct",
    "pk": 14,
    "fields": {
      "order": 10,
      "product": 10,
      "count": 1,
      "price": 5522
    }
  },
  {
    "model": "app_shop.purchasedproduct",
    "pk": 15,
    "fields": {
      "order": 10,
      "product": 21,
      "count": 1,
      "price": 23090
    }
  },
  {
    "model": "app_shop.purchasedproduct",
    "pk": 16,
    "fields": {
      "order": 10,
      "product": 1,
      "count": 4,
      "price": 9000
    }
  },
  {
    "model": "app_shop.purchasedproduct",
    "pk": 17,
    "fields": {
      "order": 10,
      "product": 22,
      "count": 1,
      "price": 95540
    }
  },
  {
    "model": "app_shop.purchasedproduct",
    "pk": 18,
    "fields": {
      "order": 10,
      "product": 18,
      "count": 3,
      "price": 102540
    }
  },
  {
    "model": "app_shop.purchasedproduct",
    "pk": 19,
    "fields": {
      "order": 11,
      "product": 10,
      "count": 2,
      "price": 11044
    }
  },
  {
    "model": "app_shop.purchasedproduct",
    "pk": 20,
    "fields": {
      "order": 12,
      "product": 11,
      "count": 1,
      "price": 28050
    }
  },
  {
    "model": "app_shop.purchasedproduct",
    "pk": 21,
    "fields": {
      "order": 12,
      "product": 12,
      "count": 1,
      "price": 8445
    }
  },
  {
    "model": "app_shop.purchasedproduct",
    "pk": 22,
    "fields": {
      "order": 12,
      "product": 10,
      "count": 1,
      "price": 5522
    }
  },
  {
    "model": "app_shop.purchasedproduct",
    "pk": 23,
    "fields": {
      "order": 12,
      "product": 16,
      "count": 1,
      "price": 9090
    }
  },
  {
    "model": "app_shop.purchasedproduct",
    "pk": 24,
    "fields": {
      "order": 12,
      "product": 15,
      "count": 1,
      "price": 4792
    }
  },
  {
    "model": "app_shop.purchasedproduct",
    "pk": 25,
    "fields": {
      "order": 12,
      "product": 1,
      "count": 1,
      "price": 2250
    }
  },
  {
    "model": "app_shop.purchasedproduct",
    "pk": 26,
    "fields": {
      "order": 12,
      "product": 6,
      "count": 1,
      "price": 7581
    }
  },
  {
    "model": "app_shop.purchasedproduct",
    "pk": 27,
    "fields": {
      "order": 12,
      "product": 7,
      "count": 4,
      "price": 4884
    }
  },
  {
    "model": "app_shop.purchasedproduct",
    "pk": 28,
    "fields": {
      "order": 13,
      "product": 17,
      "count": 2,
      "price": 45865
    }
  },
  {
    "model": "app_shop.purchasedproduct",
    "pk": 29,
    "fields": {
      "order": 13,
      "product": 9,
      "count": 1,
      "price": 420
    }
  },
  {
    "model": "app_shop.purchasedproduct",
    "pk": 30,
    "fields": {
      "order": 13,
      "product": 20,
      "count": 1,
      "price": 32750
    }
  },
  {
    "model": "app_shop.purchasedproduct",
    "pk": 31,
    "fields": {
      "order": 13,
      "product": 8,
      "count": 1,
      "price": 1070
    }
  },
  {
    "model": "app_shop.purchasedproduct",
    "pk": 32,
    "fields": {
      "order": 13,
      "product": 12,
      "count": 4,
      "price": 33780
    }
  },
  {
    "model": "app_shop.purchasedproduct",
    "pk": 33,
    "fields": {
      "order": 13,
      "product": 7,
      "count": 4,
      "price": 4884
    }
  },
  {
    "model": "app_shop.purchasedproduct",
    "pk": 34,
    "fields": {
      "order": 14,
      "product": 12,
      "count": 1,
      "price": 8445
    }
  },
  {
    "model": "app_shop.purchasedproduct",
    "pk": 35,
    "fields": {
      "order": 14,
      "product": 14,
      "count": 1,
      "price": 8340
    }
  },
  {
    "model": "app_shop.purchasedproduct",
    "pk": 36,
    "fields": {
      "order": 15,
      "product": 17,
      "count": 1,
      "price": 22932
    }
  },
  {
    "model": "app_shop.purchasedproduct",
    "pk": 37,
    "fields": {
      "order": 16,
      "product": 7,
      "count": 4,
      "price": 4884
    }
  },
  {
    "model": "app_shop.purchasedproduct",
    "pk": 38,
    "fields": {
      "order": 17,
      "product": 1,
      "count": 1,
      "price": 2250
    }
  },
  {
    "model": "app_shop.purchasedproduct",
    "pk": 39,
    "fields": {
      "order": 17,
      "product": 11,
      "count": 1,
      "price": 28050
    }
  },
  {
    "model": "app_shop.purchasedproduct",
    "pk": 40,
    "fields": {
      "order": 17,
      "product": 7,
      "count": 3,
      "price": 3663
    }
  },
  {
    "model": "config.siteconfiguration",
    "pk": 1,
    "fields": {
      "title": "Интернет-магазин Megano - покупки с быстрой доставкой",
      "description": "Тестовое описание сайта",
      "site_url": "http://127.0.0.1:8000",
      "logo_head": "images/logo/logo.png",
      "logo_footer": "images/logo/logo_footer.png",
      "shipping_cost": 200,
      "extra_shipping_cost": 500,
      "min_order_cost": 2000,
      "caching_time": 24,
      "maintenance_mode": false,
      "selected_products": [
        22,
        9,
        19
      ]
    }
  }
]